URL: https://www.lmu.de/de/studium/studienangebot/index.html, Number of Outlinks: 17
URL: https://www.m-datascience.mathematik-informatik-statistik.uni-muenchen.de/index.html, Number of Outlinks: 13
URL: https://www.cdtm.de/study/, Number of Outlinks: 40
URL: https://www.mhb.uni-muenchen.de/index.html, Number of Outlinks: 7
URL: https://www.psy.lmu.de/ncp/, Number of Outlinks: 0
URL: https://www.osteuropastudien.uni-muenchen.de/index.html, Number of Outlinks: 8
URL: https://www.en.mqe.econ.uni-muenchen.de/contact/index.html, Number of Outlinks: 15
URL: https://www.elitenetzwerk.bayern.de/start, Number of Outlinks: 44
URL: https://www.mzl.uni-muenchen.de/index.html, Number of Outlinks: 5
URL: https://www.graduatecenter.uni-muenchen.de/promotion/index.html, Number of Outlinks: 3
URL: https://www.google.com/maps/dir/48.1351253.11.5819806/lmu+google+maps/@48.1425647.11.5736801.15z/data=!3m1!4b1!4m9!4m8!1m1!4e1!1m5!1m1!1s0x479e729397ad5701:0xba12f0c33bd5bf34!2m2!1d11.58043!2d48.150806, Number of Outlinks: 1
URL: https://www.lmu.de/raumfinder/, Number of Outlinks: 2
URL: https://www.lmu.de/de/footer/datenschutz/index.html#st_img_text__master_26, Number of Outlinks: 46
URL: http://www.uni-muenchen.de/funktionen/datenschutz/index.html#google, Number of Outlinks: 0
URL: http://www.en.uni-muenchen.de, Number of Outlinks: 2
URL: https://www.elitenetzwerk.bayern.de/elitenetzwerk-home/elitenetzwerk-home/, Number of Outlinks: 40
URL: https://lsf.verwaltung.uni-muenchen.de/qisserver/rds?state=wtree&search=1&trex=step&root120162=1%7C254478%7C256991%7C258731%7C268976&P.vx=kurz&noDBAction=y&init=y, Number of Outlinks: 54
URL: https://www.en.datascience-certificate.mathematik-informatik-statistik.uni-muenchen.de/index.html, Number of Outlinks: 4
URL: https://www.en.statistik.uni-muenchen.de/index.html, Number of Outlinks: 7
URL: https://www.ifi.lmu.de/?set_language=en, Number of Outlinks: 20
URL: https://www.elitenetzwerk.bayern.de/elite-network-home/elite-network-home/?L=2, Number of Outlinks: 40
URL: https://www.stablab.stat.uni-muenchen.de/index.html, Number of Outlinks: 25
URL: https://www.qcssc.uni-muenchen.de/index.html, Number of Outlinks: 2
URL: https://www.gdsd.statistik.uni-muenchen.de/index.html, Number of Outlinks: 1
URL: https://www.cdtm.de/about-us/people/, Number of Outlinks: 15
URL: https://www.cdtm.de/category/center-stories/, Number of Outlinks: 21
URL: https://www.cdtm.de/climate-club/, Number of Outlinks: 15
URL: https://www.cdtm.de/podcast/, Number of Outlinks: 25
URL: https://www.cdtm.de/about-us/press/, Number of Outlinks: 19
URL: https://www.cdtm.de/events/, Number of Outlinks: 9
URL: https://www.cdtm.de/study/, Number of Outlinks: 1
URL: https://www.cdtm.de/study/admission/, Number of Outlinks: 11
URL: https://www.cdtm.de/study/curriculum/, Number of Outlinks: 17
URL: https://www.cdtm.de/study/scholarship/, Number of Outlinks: 12
URL: https://www.cdtm.de/study/alumni-stories/, Number of Outlinks: 16
URL: https://www.cdtm.de/study/personal-growth/, Number of Outlinks: 9
URL: https://www.cdtm.de/study/admission/admission-faq/, Number of Outlinks: 8
URL: https://www.cdtm.de/collaborate/, Number of Outlinks: 15
URL: https://www.cdtm.de/collaborate/innovation-research/, Number of Outlinks: 17
URL: https://www.cdtm.de/collaborate/access-to-talents/, Number of Outlinks: 9
URL: https://www.cdtm.de/collaborate/cdtm-ecosystem/, Number of Outlinks: 11
URL: https://www.cdtm.de/collaborate/speakers-lecturers/, Number of Outlinks: 8
URL: https://www.cdtm.de/research/, Number of Outlinks: 23
URL: https://www.cdtm.de/research/bookstore/, Number of Outlinks: 19
URL: https://www.cdtm.de/research/jobs/, Number of Outlinks: 10
URL: https://www.cdtm.de/author/marcel-seiboldcdtm-de/, Number of Outlinks: 7
URL: https://www.cdtm.de/study/study/curriculum/, Number of Outlinks: 14
URL: https://application.cdtm.de, Number of Outlinks: 0
URL: https://www.cdtm.de/study/study/admission/, Number of Outlinks: 8
URL: https://www.cdtm.de/study/research/jobs/, Number of Outlinks: 7
URL: https://www.cdtm.de/study/collaborate/access-to-talents/, Number of Outlinks: 8
URL: https://www.cdtm.de/study/collaborate/speakers-lecturers/, Number of Outlinks: 7
URL: https://www.cdtm.de/study/contact/, Number of Outlinks: 8
URL: https://www.cdtm.de/study/legal/, Number of Outlinks: 7
URL: https://www.portal.uni-muenchen.de, Number of Outlinks: 9
URL: http://www.en.biologie.uni-muenchen.de/index.html, Number of Outlinks: 1
URL: https://www.med.uni-muenchen.de/index.html, Number of Outlinks: 4
URL: https://www.lmu.de/en/study/degree-students/index.html, Number of Outlinks: 0
URL: https://lsf.verwaltung.uni-muenchen.de/qisserver/rds?state=user&type=0&noDBAction=y&init=y, Number of Outlinks: 9
URL: http://www.fsi.bio.lmu.de, Number of Outlinks: 3
URL: http://www.uni-muenchen.de, Number of Outlinks: 0
URL: http://www.uni-regensburg.de/, Number of Outlinks: 60
URL: https://www.en.osteuropastudien.uni-muenchen.de/index.html, Number of Outlinks: 6
URL: https://lsf.verwaltung.uni-muenchen.de/qisserver/rds?state=wtree&search=1&trex=step&root120192=1%7C386096%7C401492%7C395390%7C392014&P.vx=kurz, Number of Outlinks: 27
URL: https://lsf.uni-regensburg.de/qisserver/rds?state=wtree&search=1&trex=step&root120192=66125|63277|66226&P.vx=mittel, Number of Outlinks: 36
URL: https://www.en.econ.uni-muenchen.de/index.html, Number of Outlinks: 10
URL: http://www.isc.uni-muenchen.de/kontakt/vwl/vwl_beratung/index.html, Number of Outlinks: 7
URL: https://www.en.master.econ.uni-muenchen.de/contact/student_guidance.html, Number of Outlinks: 5
URL: http://www.student-exchange.econ.uni-muenchen.de/contact/index.html, Number of Outlinks: 3
URL: https://www.en.master.econ.uni-muenchen.de/contact/stud_representatives.html, Number of Outlinks: 1
URL: https://www.econ.uni-muenchen.de/einrichtungen/zentral/cip_labor/index.html, Number of Outlinks: 8
URL: https://www.en.master.econ.uni-muenchen.de/contact/alum.html, Number of Outlinks: 0
URL: http://www.econ.uni-muenchen.de/einrichtungen/zentral/frauenbeauftragte/index.html, Number of Outlinks: 3
URL: http://www.en.econ.uni-muenchen.de/people1/index.html, Number of Outlinks: 0
URL: https://www.elitenetzwerk.bayern.de/, Number of Outlinks: 37
URL: https://www.isc.uni-muenchen.de/studiengaenge/vwl/index.html, Number of Outlinks: 1
URL: http://www.en.uni-muenchen.de/index.html, Number of Outlinks: 0
URL: https://www.mgse.econ.uni-muenchen.de/index.html, Number of Outlinks: 8
URL: https://www.en.econ.uni-muenchen.de/studies/degree_programs/major/index.html, Number of Outlinks: 0
URL: https://www.elitenetzwerk.bayern.de/start/start, Number of Outlinks: 40
URL: https://www.elitenetzwerk.bayern.de/start/en/home, Number of Outlinks: 40
URL: https://www.elitenetzwerk.bayern.de/start/fileadmin/user_upload/Elite-Netzwerk_Leicht.pdf, Number of Outlinks: 40
URL: https://www.elitenetzwerk.bayern.de/start/gebaerdensprache, Number of Outlinks: 40
URL: https://www.elitenetzwerk.bayern.de/start/start/foerderangebote, Number of Outlinks: 40
URL: https://www.elitenetzwerk.bayern.de/start/start/foerderangebote/max-weber-programm, Number of Outlinks: 40
URL: https://www.elitenetzwerk.bayern.de/start/start/foerderangebote/max-weber-programm/unsere-foerderung-im-ueberblick, Number of Outlinks: 40
URL: https://www.elitenetzwerk.bayern.de/start/start/foerderangebote/max-weber-programm/von-der-schule-zum-stipendium, Number of Outlinks: 40
URL: https://www.elitenetzwerk.bayern.de/start/start/foerderangebote/max-weber-programm/aus-dem-studium-zum-stipendium, Number of Outlinks: 40
URL: https://www.elitenetzwerk.bayern.de/start/start/foerderangebote/max-weber-programm/fragen-und-antworten-zum-max-weber-programm, Number of Outlinks: 40
URL: https://www.elitenetzwerk.bayern.de/start/start/foerderangebote/max-weber-programm/kontakt-zum-max-weber-team, Number of Outlinks: 40
URL: https://www.elitenetzwerk.bayern.de/start/start/foerderangebote/elitestudiengaenge, Number of Outlinks: 40
URL: https://www.elitenetzwerk.bayern.de/start/start/foerderangebote/elitestudiengaenge/uebersicht-elitestudiengaenge, Number of Outlinks: 40
URL: https://www.elitenetzwerk.bayern.de/start/start/foerderangebote/elitestudiengaenge/elitestudiengaenge-einrichten, Number of Outlinks: 40
URL: https://www.elitenetzwerk.bayern.de/start/start/foerderangebote/marianne-plehn-programm, Number of Outlinks: 40
URL: https://www.elitenetzwerk.bayern.de/start/start/foerderangebote/internationale-doktorandenkollegs, Number of Outlinks: 40
URL: https://www.elitenetzwerk.bayern.de/start/start/foerderangebote/internationale-doktorandenkollegs/uebersicht-internationale-doktorandenkollegs, Number of Outlinks: 40
URL: https://www.elitenetzwerk.bayern.de/start/start/foerderangebote/internationale-doktorandenkollegs/internationale-doktorandenkollegs-einrichten, Number of Outlinks: 40
URL: https://www.elitenetzwerk.bayern.de/start/start/foerderangebote/internationale-nachwuchsforschungsgruppen, Number of Outlinks: 40
URL: https://www.elitenetzwerk.bayern.de/start/start/foerderangebote/internationale-nachwuchsforschungsgruppen/uebersicht-internationale-nachwuchsforschungsgruppen, Number of Outlinks: 40
URL: https://www.elitenetzwerk.bayern.de/start/start/foerderangebote/internationale-nachwuchsforschungsgruppen/nachwuchsforschungsgruppen-einrichten, Number of Outlinks: 40
URL: https://www.elitenetzwerk.bayern.de/start/start/foerderangebote/fragen-und-antworten, Number of Outlinks: 40
URL: https://www.elitenetzwerk.bayern.de/start/start/netzwerk-aktiv, Number of Outlinks: 40
URL: https://www.elitenetzwerk.bayern.de/start/start/netzwerk-aktiv/aus-dem-netzwerk, Number of Outlinks: 40
URL: https://www.elitenetzwerk.bayern.de/start/start/netzwerk-aktiv/termine, Number of Outlinks: 40
URL: https://www.elitenetzwerk.bayern.de/start/start/netzwerk-aktiv/unsere-mitglieder-im-portraet, Number of Outlinks: 40
URL: https://www.elitenetzwerk.bayern.de/start/start/netzwerk-aktiv/mediathek, Number of Outlinks: 40
URL: https://www.elitenetzwerk.bayern.de/start/start/ueber-uns, Number of Outlinks: 40
URL: https://www.elitenetzwerk.bayern.de/start/start/ueber-uns/grusswort, Number of Outlinks: 40
URL: https://www.elitenetzwerk.bayern.de/start/start/ueber-uns/unser-foerderprogramm-im-ueberblick, Number of Outlinks: 40
URL: https://www.elitenetzwerk.bayern.de/start/start/ueber-uns/qualitaetssicherung, Number of Outlinks: 40
URL: https://www.elitenetzwerk.bayern.de/start/start/ueber-uns/internationale-expertenkommission, Number of Outlinks: 40
URL: https://www.elitenetzwerk.bayern.de/start/start/ueber-uns/wissenschaftlicher-beirat, Number of Outlinks: 40
URL: https://www.elitenetzwerk.bayern.de/start/start/ueber-uns/chronik, Number of Outlinks: 40
URL: https://www.elitenetzwerk.bayern.de/start/start/suche, Number of Outlinks: 40
URL: https://www.elitenetzwerk.de/portal/, Number of Outlinks: 5
URL: https://www.studieren-in-bayern.de/, Number of Outlinks: 134
URL: https://www.weiter-studieren-in-bayern.de/, Number of Outlinks: 133
URL: https://www.elitenetzwerk.bayern.de/start/impressum, Number of Outlinks: 42
URL: https://www.elitenetzwerk.bayern.de/start/datenschutz, Number of Outlinks: 40
URL: https://www.elitenetzwerk.bayern.de/start/inhaltsuebersicht, Number of Outlinks: 40
URL: https://www.elitenetzwerk.bayern.de/start/kontakt, Number of Outlinks: 40
URL: https://www.praktikumsamt.mzl.uni-muenchen.de/index.html, Number of Outlinks: 2
URL: https://www.lehrerbildung-at-lmu.mzl.uni-muenchen.de/index.html, Number of Outlinks: 1
URL: https://www.digillab.mcls.uni-muenchen.de/index.html, Number of Outlinks: 2
URL: https://www.uni-muenchen.de/ueber_die_lmu/auszeichnungen/lmu_excellent/index.html, Number of Outlinks: 2
URL: https://www.en.graduatecenter.uni-muenchen.de/index.html, Number of Outlinks: 4
URL: https://www.google.de/privacy.html, Number of Outlinks: 1
URL: https://duckduckgo.com/?site=www.lmu.de, Number of Outlinks: 1
URL: https://www.datenschutz-bayern.de, Number of Outlinks: 1
URL: http://www.google.de/intl/de/policies/terms/regional.html, Number of Outlinks: 1
URL: https://www.google.com/intl/de_US/help/terms_maps.html, Number of Outlinks: 15
URL: https://www.google.de/intl/de/policies/privacy/, Number of Outlinks: 0
URL: https://www.google.com/intl/de_de/help/terms_maps.html , Number of Outlinks: 3
URL: https://www.google.com/policies/privacy/, Number of Outlinks: 1
URL: https://www.privacyshield.gov/participant?id=a2zt0000000GnywAAC&status=Active, Number of Outlinks: 22
URL: https://www.ghostery.com, Number of Outlinks: 26
URL: https://help.instagram.com/519522125107875, Number of Outlinks: 65
URL: https://twitter.com/privacy, Number of Outlinks: 67
URL: https://www.privacyshield.gov/participant?id=a2zt0000000TORzAAO&status=Active, Number of Outlinks: 22
URL: https://twitter.com/de/privacy, Number of Outlinks: 34
URL: https://www.noscript.net, Number of Outlinks: 51
URL: https://www.google.com/intl/de/policies/privacy, Number of Outlinks: 0
URL: https://www.privacyshield.gov/participant?id=a2zt000000001L5AAI&status=Active, Number of Outlinks: 25
URL: https://tools.google.com/dlpage/gaoptout?hl=de, Number of Outlinks: 5
URL: https://adssettings.google.com/authenticated, Number of Outlinks: 18
URL: https://www.lmu.de/de/footer/datenschutz/index.html#st_img_text__master_26, Number of Outlinks: 26
URL: https://www.google.com/maps/dir/48.1351253.11.5819806/lmu+google+maps/@48.1433347.11.570367.15z/data=!3m1!4b1!4m9!4m8!1m1!4e1!1m5!1m1!1s0x479e729397ad5701:0xba12f0c33bd5bf34!2m2!1d11.5802362!2d48.1504827, Number of Outlinks: 1
URL: https://www.lmu.de/en/footer/privacy-disclaimer/index.html#st_img_text__master_26, Number of Outlinks: 2
URL: https://www.elitenetzwerk.bayern.de/elitenetzwerk-home/elitenetzwerk-home/404, Number of Outlinks: 40
URL: https://www.elitenetzwerk.bayern.de/elitenetzwerk-home/elitenetzwerk-home/en/error-404, Number of Outlinks: 40
URL: https://www.elitenetzwerk.bayern.de/elitenetzwerk-home/elitenetzwerk-home/fileadmin/user_upload/Elite-Netzwerk_Leicht.pdf, Number of Outlinks: 40
URL: https://www.elitenetzwerk.bayern.de/elitenetzwerk-home/elitenetzwerk-home/gebaerdensprache, Number of Outlinks: 40
URL: https://www.elitenetzwerk.bayern.de/elitenetzwerk-home/elitenetzwerk-home/start, Number of Outlinks: 40
URL: https://www.elitenetzwerk.bayern.de/elitenetzwerk-home/elitenetzwerk-home/start/foerderangebote, Number of Outlinks: 40
URL: https://www.elitenetzwerk.bayern.de/elitenetzwerk-home/elitenetzwerk-home/start/foerderangebote/max-weber-programm, Number of Outlinks: 40
URL: https://www.elitenetzwerk.bayern.de/elitenetzwerk-home/elitenetzwerk-home/start/foerderangebote/max-weber-programm/unsere-foerderung-im-ueberblick, Number of Outlinks: 40
URL: https://www.elitenetzwerk.bayern.de/elitenetzwerk-home/elitenetzwerk-home/start/foerderangebote/max-weber-programm/von-der-schule-zum-stipendium, Number of Outlinks: 40
URL: https://www.elitenetzwerk.bayern.de/elitenetzwerk-home/elitenetzwerk-home/start/foerderangebote/max-weber-programm/aus-dem-studium-zum-stipendium, Number of Outlinks: 40
URL: https://www.elitenetzwerk.bayern.de/elitenetzwerk-home/elitenetzwerk-home/start/foerderangebote/max-weber-programm/fragen-und-antworten-zum-max-weber-programm, Number of Outlinks: 40
URL: https://www.elitenetzwerk.bayern.de/elitenetzwerk-home/elitenetzwerk-home/start/foerderangebote/max-weber-programm/kontakt-zum-max-weber-team, Number of Outlinks: 40
URL: https://www.elitenetzwerk.bayern.de/elitenetzwerk-home/elitenetzwerk-home/start/foerderangebote/elitestudiengaenge, Number of Outlinks: 40
URL: https://www.elitenetzwerk.bayern.de/elitenetzwerk-home/elitenetzwerk-home/start/foerderangebote/elitestudiengaenge/uebersicht-elitestudiengaenge, Number of Outlinks: 40
URL: https://www.elitenetzwerk.bayern.de/elitenetzwerk-home/elitenetzwerk-home/start/foerderangebote/elitestudiengaenge/elitestudiengaenge-einrichten, Number of Outlinks: 40
URL: https://www.elitenetzwerk.bayern.de/elitenetzwerk-home/elitenetzwerk-home/start/foerderangebote/marianne-plehn-programm, Number of Outlinks: 40
URL: https://www.elitenetzwerk.bayern.de/elitenetzwerk-home/elitenetzwerk-home/start/foerderangebote/internationale-doktorandenkollegs, Number of Outlinks: 40
URL: https://www.elitenetzwerk.bayern.de/elitenetzwerk-home/elitenetzwerk-home/start/foerderangebote/internationale-doktorandenkollegs/uebersicht-internationale-doktorandenkollegs, Number of Outlinks: 40
URL: https://www.elitenetzwerk.bayern.de/elitenetzwerk-home/elitenetzwerk-home/start/foerderangebote/internationale-doktorandenkollegs/internationale-doktorandenkollegs-einrichten, Number of Outlinks: 40
URL: https://www.elitenetzwerk.bayern.de/elitenetzwerk-home/elitenetzwerk-home/start/foerderangebote/internationale-nachwuchsforschungsgruppen, Number of Outlinks: 40
URL: https://www.elitenetzwerk.bayern.de/elitenetzwerk-home/elitenetzwerk-home/start/foerderangebote/internationale-nachwuchsforschungsgruppen/uebersicht-internationale-nachwuchsforschungsgruppen, Number of Outlinks: 40
URL: https://www.elitenetzwerk.bayern.de/elitenetzwerk-home/elitenetzwerk-home/start/foerderangebote/internationale-nachwuchsforschungsgruppen/nachwuchsforschungsgruppen-einrichten, Number of Outlinks: 40
URL: https://www.elitenetzwerk.bayern.de/elitenetzwerk-home/elitenetzwerk-home/start/foerderangebote/fragen-und-antworten, Number of Outlinks: 40
URL: https://www.elitenetzwerk.bayern.de/elitenetzwerk-home/elitenetzwerk-home/start/netzwerk-aktiv, Number of Outlinks: 40
URL: https://www.elitenetzwerk.bayern.de/elitenetzwerk-home/elitenetzwerk-home/start/netzwerk-aktiv/aus-dem-netzwerk, Number of Outlinks: 40
URL: https://www.elitenetzwerk.bayern.de/elitenetzwerk-home/elitenetzwerk-home/start/netzwerk-aktiv/termine, Number of Outlinks: 40
URL: https://www.elitenetzwerk.bayern.de/elitenetzwerk-home/elitenetzwerk-home/start/netzwerk-aktiv/unsere-mitglieder-im-portraet, Number of Outlinks: 40
URL: https://www.elitenetzwerk.bayern.de/elitenetzwerk-home/elitenetzwerk-home/start/netzwerk-aktiv/mediathek, Number of Outlinks: 40
URL: https://www.elitenetzwerk.bayern.de/elitenetzwerk-home/elitenetzwerk-home/start/ueber-uns, Number of Outlinks: 40
URL: https://www.elitenetzwerk.bayern.de/elitenetzwerk-home/elitenetzwerk-home/start/ueber-uns/grusswort, Number of Outlinks: 40
URL: https://www.elitenetzwerk.bayern.de/elitenetzwerk-home/elitenetzwerk-home/start/ueber-uns/unser-foerderprogramm-im-ueberblick, Number of Outlinks: 40
URL: https://www.elitenetzwerk.bayern.de/elitenetzwerk-home/elitenetzwerk-home/start/ueber-uns/qualitaetssicherung, Number of Outlinks: 40
URL: https://www.elitenetzwerk.bayern.de/elitenetzwerk-home/elitenetzwerk-home/start/ueber-uns/internationale-expertenkommission, Number of Outlinks: 40
URL: https://www.elitenetzwerk.bayern.de/elitenetzwerk-home/elitenetzwerk-home/start/ueber-uns/wissenschaftlicher-beirat, Number of Outlinks: 40
URL: https://www.elitenetzwerk.bayern.de/elitenetzwerk-home/elitenetzwerk-home/start/ueber-uns/chronik, Number of Outlinks: 40
URL: https://www.elitenetzwerk.bayern.de/elitenetzwerk-home/elitenetzwerk-home/start/suche, Number of Outlinks: 40
URL: https://www.elitenetzwerk.bayern.de/elitenetzwerk-home/elitenetzwerk-home/impressum, Number of Outlinks: 40
URL: https://www.elitenetzwerk.bayern.de/elitenetzwerk-home/elitenetzwerk-home/datenschutz, Number of Outlinks: 40
URL: https://www.elitenetzwerk.bayern.de/elitenetzwerk-home/elitenetzwerk-home/inhaltsuebersicht, Number of Outlinks: 40
URL: https://www.elitenetzwerk.bayern.de/elitenetzwerk-home/elitenetzwerk-home/kontakt, Number of Outlinks: 40
URL: https://lsf.verwaltung.uni-muenchen.de/qisserver/rds?state=change&type=6&moduleParameter=semesterSelect&nextdir=change&next=SearchSelect.vm&subdir=applications&targettype=7&targetstate=change&getglobal=semester, Number of Outlinks: 7
URL: https://lsf.verwaltung.uni-muenchen.de/qisserver/rds?state=user&type=5&language=en, Number of Outlinks: 3
URL: https://lsf.verwaltung.uni-muenchen.de/qisserver/rds?state=user&type=0&topitem=&breadCrumbSource=&topitem=functions, Number of Outlinks: 0
URL: https://lsf.verwaltung.uni-muenchen.de/qisserver/rds?state=wlogin&login=in&breadCrumbSource=, Number of Outlinks: 0
URL: https://lsf.verwaltung.uni-muenchen.de/qisserver/rds?state=user&type=0&topitem=, Number of Outlinks: 0
URL: https://lsf.verwaltung.uni-muenchen.de/qisserver/rds?state=wtree&search=1&P.vx=mittel&root120212=1&trex=step, Number of Outlinks: 23
URL: https://lsf.verwaltung.uni-muenchen.de/qisserver/rds?state=wtree&search=1&P.vx=lang&root120212=1&trex=step, Number of Outlinks: 22
URL: https://lsf.verwaltung.uni-muenchen.de/qisserver/rds?state=verpublish&status=init&vmfile=no&moduleCall=UeberschriftDetail&publishConfFile=ueberschrift&publishSubDir=ueberschrift&keep=y&publishid=1&fachrichtung=$fach, Number of Outlinks: 1
URL: https://lsf.verwaltung.uni-muenchen.de/qisserver/rds?state=wtree&search=1&trex=step&root120212=1&P.vx=kurz, Number of Outlinks: 1
URL: https://lsf.verwaltung.uni-muenchen.de/qisserver/rds?state=verpublish&status=init&vmfile=no&moduleCall=UeberschriftDetail&publishConfFile=ueberschrift&publishSubDir=ueberschrift&keep=y&publishid=564582&fachrichtung=$fach, Number of Outlinks: 1
URL: https://lsf.verwaltung.uni-muenchen.de/qisserver/rds?state=wtree&search=1&trex=step&root120212=1%7C564582&P.vx=kurz, Number of Outlinks: 50
URL: https://lsf.verwaltung.uni-muenchen.de/qisserver/rds?state=verpublish&status=init&vmfile=no&moduleCall=UeberschriftDetail&publishConfFile=ueberschrift&publishSubDir=ueberschrift&keep=y&publishid=566233&fachrichtung=$fach, Number of Outlinks: 1
URL: https://lsf.verwaltung.uni-muenchen.de/qisserver/rds?state=wtree&search=1&trex=step&root120212=1%7C566233&P.vx=kurz, Number of Outlinks: 12
URL: https://lsf.verwaltung.uni-muenchen.de/qisserver/rds?state=verpublish&status=init&vmfile=no&moduleCall=UeberschriftDetail&publishConfFile=ueberschrift&publishSubDir=ueberschrift&keep=y&publishid=568681&fachrichtung=$fach, Number of Outlinks: 1
URL: https://lsf.verwaltung.uni-muenchen.de/qisserver/rds?state=wtree&search=1&trex=step&root120212=1%7C568681&P.vx=kurz, Number of Outlinks: 13
URL: https://lsf.verwaltung.uni-muenchen.de/qisserver/rds?state=verpublish&status=init&vmfile=no&moduleCall=UeberschriftDetail&publishConfFile=ueberschrift&publishSubDir=ueberschrift&keep=y&publishid=564878&fachrichtung=$fach, Number of Outlinks: 1
URL: https://lsf.verwaltung.uni-muenchen.de/qisserver/rds?state=wtree&search=1&trex=step&root120212=1%7C564878&P.vx=kurz, Number of Outlinks: 6
URL: https://lsf.verwaltung.uni-muenchen.de/qisserver/rds?state=verpublish&status=init&vmfile=no&moduleCall=UeberschriftDetail&publishConfFile=ueberschrift&publishSubDir=ueberschrift&keep=y&publishid=560861&fachrichtung=$fach, Number of Outlinks: 1
URL: https://lsf.verwaltung.uni-muenchen.de/qisserver/rds?state=wtree&search=1&trex=step&root120212=1%7C560861&P.vx=kurz, Number of Outlinks: 32
URL: https://lsf.verwaltung.uni-muenchen.de/qisserver/rds?state=verpublish&status=init&vmfile=no&moduleCall=UeberschriftDetail&publishConfFile=ueberschrift&publishSubDir=ueberschrift&keep=y&publishid=563917&fachrichtung=$fach, Number of Outlinks: 1
URL: https://lsf.verwaltung.uni-muenchen.de/qisserver/rds?state=wtree&search=1&trex=step&root120212=1%7C563917&P.vx=kurz, Number of Outlinks: 23
URL: https://lsf.verwaltung.uni-muenchen.de/qisserver/rds?state=verpublish&status=init&vmfile=no&moduleCall=UeberschriftDetail&publishConfFile=ueberschrift&publishSubDir=ueberschrift&keep=y&publishid=573392&fachrichtung=$fach, Number of Outlinks: 1
URL: https://lsf.verwaltung.uni-muenchen.de/qisserver/rds?state=wtree&search=1&trex=step&root120212=1%7C573392&P.vx=kurz, Number of Outlinks: 14
URL: https://lsf.verwaltung.uni-muenchen.de/qisserver/rds?state=verpublish&status=init&vmfile=no&moduleCall=UeberschriftDetail&publishConfFile=ueberschrift&publishSubDir=ueberschrift&keep=y&publishid=576007&fachrichtung=$fach, Number of Outlinks: 1
URL: https://lsf.verwaltung.uni-muenchen.de/qisserver/rds?state=wtree&search=1&trex=step&root120212=1%7C576007&P.vx=kurz, Number of Outlinks: 50
URL: https://lsf.verwaltung.uni-muenchen.de/qisserver/rds?state=verpublish&status=init&vmfile=no&moduleCall=UeberschriftDetail&publishConfFile=ueberschrift&publishSubDir=ueberschrift&keep=y&publishid=559984&fachrichtung=$fach, Number of Outlinks: 1
URL: https://lsf.verwaltung.uni-muenchen.de/qisserver/rds?state=wtree&search=1&trex=step&root120212=1%7C559984&P.vx=kurz, Number of Outlinks: 8
URL: https://lsf.verwaltung.uni-muenchen.de/qisserver/rds?state=verpublish&status=init&vmfile=no&moduleCall=UeberschriftDetail&publishConfFile=ueberschrift&publishSubDir=ueberschrift&keep=y&publishid=572756&fachrichtung=$fach, Number of Outlinks: 2
URL: https://lsf.verwaltung.uni-muenchen.de/qisserver/rds?state=wtree&search=1&trex=step&root120212=1%7C572756&P.vx=kurz, Number of Outlinks: 22
URL: https://lsf.verwaltung.uni-muenchen.de/qisserver/rds?state=verpublish&status=init&vmfile=no&moduleCall=UeberschriftDetail&publishConfFile=ueberschrift&publishSubDir=ueberschrift&keep=y&publishid=564152&fachrichtung=$fach, Number of Outlinks: 1
URL: https://lsf.verwaltung.uni-muenchen.de/qisserver/rds?state=wtree&search=1&trex=step&root120212=1%7C564152&P.vx=kurz, Number of Outlinks: 16
URL: https://lsf.verwaltung.uni-muenchen.de/qisserver/rds?state=verpublish&status=init&vmfile=no&moduleCall=UeberschriftDetail&publishConfFile=ueberschrift&publishSubDir=ueberschrift&keep=y&publishid=560484&fachrichtung=$fach, Number of Outlinks: 1
URL: https://lsf.verwaltung.uni-muenchen.de/qisserver/rds?state=wtree&search=1&trex=step&root120212=1%7C560484&P.vx=kurz, Number of Outlinks: 94
URL: https://lsf.verwaltung.uni-muenchen.de/qisserver/rds?state=verpublish&status=init&vmfile=no&moduleCall=UeberschriftDetail&publishConfFile=ueberschrift&publishSubDir=ueberschrift&keep=y&publishid=559538&fachrichtung=$fach, Number of Outlinks: 1
URL: https://lsf.verwaltung.uni-muenchen.de/qisserver/rds?state=wtree&search=1&trex=step&root120212=1%7C559538&P.vx=kurz, Number of Outlinks: 60
URL: https://lsf.verwaltung.uni-muenchen.de/qisserver/rds?state=verpublish&status=init&vmfile=no&moduleCall=UeberschriftDetail&publishConfFile=ueberschrift&publishSubDir=ueberschrift&keep=y&publishid=566822&fachrichtung=$fach, Number of Outlinks: 1
URL: https://lsf.verwaltung.uni-muenchen.de/qisserver/rds?state=wtree&search=1&trex=step&root120212=1%7C566822&P.vx=kurz, Number of Outlinks: 12
URL: https://lsf.verwaltung.uni-muenchen.de/qisserver/rds?state=verpublish&status=init&vmfile=no&moduleCall=UeberschriftDetail&publishConfFile=ueberschrift&publishSubDir=ueberschrift&keep=y&publishid=569911&fachrichtung=$fach, Number of Outlinks: 1
URL: https://lsf.verwaltung.uni-muenchen.de/qisserver/rds?state=wtree&search=1&trex=step&root120212=1%7C569911&P.vx=kurz, Number of Outlinks: 10
URL: https://lsf.verwaltung.uni-muenchen.de/qisserver/rds?state=verpublish&status=init&vmfile=no&moduleCall=UeberschriftDetail&publishConfFile=ueberschrift&publishSubDir=ueberschrift&keep=y&publishid=561710&fachrichtung=$fach, Number of Outlinks: 3
URL: https://lsf.verwaltung.uni-muenchen.de/qisserver/rds?state=wtree&search=1&trex=step&root120212=1%7C561710&P.vx=kurz, Number of Outlinks: 26
URL: https://lsf.verwaltung.uni-muenchen.de/qisserver/rds?state=verpublish&status=init&vmfile=no&moduleCall=UeberschriftDetail&publishConfFile=ueberschrift&publishSubDir=ueberschrift&keep=y&publishid=565471&fachrichtung=$fach, Number of Outlinks: 1
URL: https://lsf.verwaltung.uni-muenchen.de/qisserver/rds?state=wtree&search=1&trex=step&root120212=1%7C565471&P.vx=kurz, Number of Outlinks: 10
URL: https://lsf.verwaltung.uni-muenchen.de/qisserver/rds?state=verpublish&status=init&vmfile=no&moduleCall=UeberschriftDetail&publishConfFile=ueberschrift&publishSubDir=ueberschrift&keep=y&publishid=565880&fachrichtung=$fach, Number of Outlinks: 1
URL: https://lsf.verwaltung.uni-muenchen.de/qisserver/rds?state=wtree&search=1&trex=step&root120212=1%7C565880&P.vx=kurz, Number of Outlinks: 16
URL: https://lsf.verwaltung.uni-muenchen.de/qisserver/rds?state=verpublish&status=init&vmfile=no&moduleCall=UeberschriftDetail&publishConfFile=ueberschrift&publishSubDir=ueberschrift&keep=y&publishid=566294&fachrichtung=$fach, Number of Outlinks: 1
URL: https://lsf.verwaltung.uni-muenchen.de/qisserver/rds?state=wtree&search=1&trex=step&root120212=1%7C566294&P.vx=kurz, Number of Outlinks: 8
URL: https://lsf.verwaltung.uni-muenchen.de/qisserver/rds?state=verpublish&status=init&vmfile=no&moduleCall=UeberschriftDetail&publishConfFile=ueberschrift&publishSubDir=ueberschrift&keep=y&publishid=562516&fachrichtung=$fach, Number of Outlinks: 1
URL: https://lsf.verwaltung.uni-muenchen.de/qisserver/rds?state=wtree&search=1&trex=step&root120212=1%7C562516&P.vx=kurz, Number of Outlinks: 4
URL: https://lsf.verwaltung.uni-muenchen.de/qisserver/rds?state=template&template=about, Number of Outlinks: 4
URL: https://lsf.verwaltung.uni-muenchen.de/qisserver/rds?state=template&template=contact, Number of Outlinks: 4
URL: http://www.lmu.de, Number of Outlinks: 0
URL: https://lsf.verwaltung.uni-muenchen.de/qisserver/rds?state=sitemap&topitem=functions&breadCrumbSource=, Number of Outlinks: 8
URL: https://lsf.verwaltung.uni-muenchen.de/qisserver/rds?state=wtree&search=1&P.vx=kurz&root120212=1&trex=step&P.Print=, Number of Outlinks: 0
URL: https://www.mathematik-informatik-statistik.uni-muenchen.de/index.html, Number of Outlinks: 10
URL: https://www.datascience-certificate.mathematik-informatik-statistik.uni-muenchen.de/index.html, Number of Outlinks: 3
URL: http://www.mathematik-informatik-statistik.uni-muenchen.de/index.html, Number of Outlinks: 0
URL: https://www.statistik.uni-muenchen.de/index.html, Number of Outlinks: 0
URL: http://www.m-datascience.mathematik-informatik-statistik.uni-muenchen.de/index.html, Number of Outlinks: 1
URL: https://www.cequra.uni-muenchen.de/index.html, Number of Outlinks: 4
URL: http://statsatlmu.tumblr.com/, Number of Outlinks: 73
URL: https://www.mathematik-informatik-statistik.uni-muenchen.de/fakultaet/beauftragte/index.html, Number of Outlinks: 9
URL: http://www.ub.uni-muenchen.de/bibliotheken/bibs-a-bis-z/0500/index.html, Number of Outlinks: 6
URL: https://www.uni-muenchen.de/index.html, Number of Outlinks: 0
URL: https://www.ifi.lmu.de, Number of Outlinks: 22
URL: https://www.uni-muenchen.de, Number of Outlinks: 0
URL: https://www.ifi.lmu.de/sitemap, Number of Outlinks: 88
URL: https://www.ifi.lmu.de/front-page-en?set_language=en, Number of Outlinks: 1
URL: https://www.ifi.lmu.de?set_language=de, Number of Outlinks: 1
URL: https://www.ifi.lmu.de/vor-dem-studium, Number of Outlinks: 6
URL: https://www.ifi.lmu.de/news, Number of Outlinks: 3
URL: https://www.ifi.lmu.de/institute, Number of Outlinks: 12
URL: https://www.ifi.lmu.de/teaching, Number of Outlinks: 17
URL: https://www.ifi.lmu.de/courses, Number of Outlinks: 3
URL: https://www.ifi.lmu.de/research, Number of Outlinks: 3
URL: https://www.ifi.lmu.de/front-page-en, Number of Outlinks: 1
URL: https://www.ifi.lmu.de/news/vaccination-campaigns-for-students-of-the-lmu, Number of Outlinks: 4
URL: https://www.ifi.lmu.de/news/news/mouth-and-nose-protection-compulsory-masks-at-the-lmu, Number of Outlinks: 4
URL: https://www.ifi.lmu.de/news/cancellation-of-courses, Number of Outlinks: 3
URL: http://www.ifi.lmu.de/institute/addresses/detailed-directions?set_language=en, Number of Outlinks: 21
URL: https://www.ifi.lmu.de/impressum, Number of Outlinks: 2
URL: https://www.ifi.lmu.de/datenschutz, Number of Outlinks: 2
URL: https://www.ifi.lmu.de/contact-info, Number of Outlinks: 3
URL: https://www.elitenetzwerk.bayern.de/elite-network-home/elite-network-home/?L=2/404, Number of Outlinks: 40
URL: https://www.elitenetzwerk.bayern.de/elite-network-home/elite-network-home/?L=2/en/error-404, Number of Outlinks: 40
URL: https://www.elitenetzwerk.bayern.de/elite-network-home/elite-network-home/?L=2/fileadmin/user_upload/Elite-Netzwerk_Leicht.pdf, Number of Outlinks: 40
URL: https://www.elitenetzwerk.bayern.de/elite-network-home/elite-network-home/?L=2/gebaerdensprache, Number of Outlinks: 40
URL: https://www.elitenetzwerk.bayern.de/elite-network-home/elite-network-home/?L=2/start, Number of Outlinks: 40
URL: https://www.elitenetzwerk.bayern.de/elite-network-home/elite-network-home/?L=2/start/foerderangebote, Number of Outlinks: 40
URL: https://www.elitenetzwerk.bayern.de/elite-network-home/elite-network-home/?L=2/start/foerderangebote/max-weber-programm, Number of Outlinks: 40
URL: https://www.elitenetzwerk.bayern.de/elite-network-home/elite-network-home/?L=2/start/foerderangebote/max-weber-programm/unsere-foerderung-im-ueberblick, Number of Outlinks: 40
URL: https://www.elitenetzwerk.bayern.de/elite-network-home/elite-network-home/?L=2/start/foerderangebote/max-weber-programm/von-der-schule-zum-stipendium, Number of Outlinks: 40
URL: https://www.elitenetzwerk.bayern.de/elite-network-home/elite-network-home/?L=2/start/foerderangebote/max-weber-programm/aus-dem-studium-zum-stipendium, Number of Outlinks: 40
URL: https://www.elitenetzwerk.bayern.de/elite-network-home/elite-network-home/?L=2/start/foerderangebote/max-weber-programm/fragen-und-antworten-zum-max-weber-programm, Number of Outlinks: 40
URL: https://www.elitenetzwerk.bayern.de/elite-network-home/elite-network-home/?L=2/start/foerderangebote/max-weber-programm/kontakt-zum-max-weber-team, Number of Outlinks: 40
URL: https://www.elitenetzwerk.bayern.de/elite-network-home/elite-network-home/?L=2/start/foerderangebote/elitestudiengaenge, Number of Outlinks: 40
URL: https://www.elitenetzwerk.bayern.de/elite-network-home/elite-network-home/?L=2/start/foerderangebote/elitestudiengaenge/uebersicht-elitestudiengaenge, Number of Outlinks: 40
URL: https://www.elitenetzwerk.bayern.de/elite-network-home/elite-network-home/?L=2/start/foerderangebote/elitestudiengaenge/elitestudiengaenge-einrichten, Number of Outlinks: 40
URL: https://www.elitenetzwerk.bayern.de/elite-network-home/elite-network-home/?L=2/start/foerderangebote/marianne-plehn-programm, Number of Outlinks: 40
URL: https://www.elitenetzwerk.bayern.de/elite-network-home/elite-network-home/?L=2/start/foerderangebote/internationale-doktorandenkollegs, Number of Outlinks: 40
URL: https://www.elitenetzwerk.bayern.de/elite-network-home/elite-network-home/?L=2/start/foerderangebote/internationale-doktorandenkollegs/uebersicht-internationale-doktorandenkollegs, Number of Outlinks: 40
URL: https://www.elitenetzwerk.bayern.de/elite-network-home/elite-network-home/?L=2/start/foerderangebote/internationale-doktorandenkollegs/internationale-doktorandenkollegs-einrichten, Number of Outlinks: 40
URL: https://www.elitenetzwerk.bayern.de/elite-network-home/elite-network-home/?L=2/start/foerderangebote/internationale-nachwuchsforschungsgruppen, Number of Outlinks: 40
URL: https://www.elitenetzwerk.bayern.de/elite-network-home/elite-network-home/?L=2/start/foerderangebote/internationale-nachwuchsforschungsgruppen/uebersicht-internationale-nachwuchsforschungsgruppen, Number of Outlinks: 40
URL: https://www.elitenetzwerk.bayern.de/elite-network-home/elite-network-home/?L=2/start/foerderangebote/internationale-nachwuchsforschungsgruppen/nachwuchsforschungsgruppen-einrichten, Number of Outlinks: 40
URL: https://www.elitenetzwerk.bayern.de/elite-network-home/elite-network-home/?L=2/start/foerderangebote/fragen-und-antworten, Number of Outlinks: 40
URL: https://www.elitenetzwerk.bayern.de/elite-network-home/elite-network-home/?L=2/start/netzwerk-aktiv, Number of Outlinks: 40
URL: https://www.elitenetzwerk.bayern.de/elite-network-home/elite-network-home/?L=2/start/netzwerk-aktiv/aus-dem-netzwerk, Number of Outlinks: 40
URL: https://www.elitenetzwerk.bayern.de/elite-network-home/elite-network-home/?L=2/start/netzwerk-aktiv/termine, Number of Outlinks: 40
URL: https://www.elitenetzwerk.bayern.de/elite-network-home/elite-network-home/?L=2/start/netzwerk-aktiv/unsere-mitglieder-im-portraet, Number of Outlinks: 40
URL: https://www.elitenetzwerk.bayern.de/elite-network-home/elite-network-home/?L=2/start/netzwerk-aktiv/mediathek, Number of Outlinks: 40
URL: https://www.elitenetzwerk.bayern.de/elite-network-home/elite-network-home/?L=2/start/ueber-uns, Number of Outlinks: 40
URL: https://www.elitenetzwerk.bayern.de/elite-network-home/elite-network-home/?L=2/start/ueber-uns/grusswort, Number of Outlinks: 40
URL: https://www.elitenetzwerk.bayern.de/elite-network-home/elite-network-home/?L=2/start/ueber-uns/unser-foerderprogramm-im-ueberblick, Number of Outlinks: 40
URL: https://www.elitenetzwerk.bayern.de/elite-network-home/elite-network-home/?L=2/start/ueber-uns/qualitaetssicherung, Number of Outlinks: 40
URL: https://www.elitenetzwerk.bayern.de/elite-network-home/elite-network-home/?L=2/start/ueber-uns/internationale-expertenkommission, Number of Outlinks: 40
URL: https://www.elitenetzwerk.bayern.de/elite-network-home/elite-network-home/?L=2/start/ueber-uns/wissenschaftlicher-beirat, Number of Outlinks: 40
URL: https://www.elitenetzwerk.bayern.de/elite-network-home/elite-network-home/?L=2/start/ueber-uns/chronik, Number of Outlinks: 40
URL: https://www.elitenetzwerk.bayern.de/elite-network-home/elite-network-home/?L=2/start/suche, Number of Outlinks: 40
URL: https://www.elitenetzwerk.bayern.de/elite-network-home/elite-network-home/?L=2/impressum, Number of Outlinks: 40
URL: https://www.elitenetzwerk.bayern.de/elite-network-home/elite-network-home/?L=2/datenschutz, Number of Outlinks: 40
URL: https://www.elitenetzwerk.bayern.de/elite-network-home/elite-network-home/?L=2/inhaltsuebersicht, Number of Outlinks: 40
URL: https://www.elitenetzwerk.bayern.de/elite-network-home/elite-network-home/?L=2/kontakt, Number of Outlinks: 40
URL: https://www.en.stablab.stat.uni-muenchen.de/index.html, Number of Outlinks: 2
URL: https://www.covid19.statistik.uni-muenchen.de/index.html, Number of Outlinks: 4
URL: https://www.stablab.stat.uni-muenchen.de/projekte/tourismusforschung/index.html, Number of Outlinks: 3
URL: https://www.geographie.uni-muenchen.de/department/fiona/department/wirtschaftsgeo/index.html, Number of Outlinks: 10
URL: https://journals.sagepub.com/doi/10.1177/1354816620987198, Number of Outlinks: 47
URL: https://corona.stat.uni-muenchen.de/nowcast/, Number of Outlinks: 9
URL: https://onlinelibrary.wiley.com/doi/full/10.1002/bimj.202000112, Number of Outlinks: 20
URL: https://corona.stat.uni-muenchen.de, Number of Outlinks: 25
URL: https://link.springer.com/article/10.1007%2Fs10182-019-00352-6, Number of Outlinks: 56
URL: https://mcml.ai/, Number of Outlinks: 42
URL: https://www.uni-muenchen.de/forschung/news/2018/kuechenhoff_isar.html, Number of Outlinks: 10
URL: http://onlinelibrary.wiley.com/doi/10.1002/bimj.201600188/full, Number of Outlinks: 7
URL: http://onlinelibrary.wiley.com/journal/10.1002/%28ISSN%291521-4036, Number of Outlinks: 7
URL: http://www.uni-muenchen.de/forschung/news/2018/kuechenhoff_isar.html, Number of Outlinks: 0
URL: http://www.spektrum.de/news/koennen-die-aktuellen-umfragen-noch-falschliegen/1503163, Number of Outlinks: 322
URL: http://www.uni-muenchen.de/forschung/news/2017/kuechenhoff_koalition.html, Number of Outlinks: 0
URL: https://pollyvote.de/, Number of Outlinks: 44
URL: http://koala.stat.uni-muenchen.de/, Number of Outlinks: 13
URL: https://www.uni-muenchen.de/forschung/news/2017/thurner_wahlforschung.html, Number of Outlinks: 0
URL: https://iwsm2017.webhosting.rug.nl/, Number of Outlinks: 16
URL: http://www.dsl.ifi.lmu.de/index.html, Number of Outlinks: 0
URL: https://gds-society.de/, Number of Outlinks: 12
URL: https://www.cdtm.de/about-us/people/, Number of Outlinks: 7
URL: https://www.cdtm.de/author/nikolai-kralercdtm-de/, Number of Outlinks: 7
URL: https://www.cdtm.de/about-us/people/about-us/people/students/, Number of Outlinks: 28
URL: https://www.cdtm.de/about-us/people/about-us/people/management-team/, Number of Outlinks: 7
URL: https://www.cdtm.de/about-us/people/about-us/people/lecturers/, Number of Outlinks: 23
URL: https://www.cdtm.de/about-us/people/study/admission/, Number of Outlinks: 8
URL: https://www.cdtm.de/about-us/people/research/jobs/, Number of Outlinks: 7
URL: https://www.cdtm.de/about-us/people/collaborate/access-to-talents/, Number of Outlinks: 8
URL: https://www.cdtm.de/about-us/people/collaborate/speakers-lecturers/, Number of Outlinks: 7
URL: https://www.cdtm.de/about-us/people/contact/, Number of Outlinks: 8
URL: https://www.cdtm.de/about-us/people/legal/, Number of Outlinks: 7
URL: https://www.cdtm.de/category/center-stories/, Number of Outlinks: 0
URL: https://www.cdtm.de/author/bonkj/, Number of Outlinks: 12
URL: https://www.cdtm.de/2021/05/28/self-leadership-backbone-at-cdtm-with-bridgingpositions/, Number of Outlinks: 81
URL: https://www.cdtm.de/2021/04/30/females-of-impact-series-prof-dr-isabell-welpe/, Number of Outlinks: 14
URL: https://www.cdtm.de/author/gamboaa/, Number of Outlinks: 12
URL: https://www.cdtm.de/2021/02/25/sustainability-landscape-2021/, Number of Outlinks: 17
URL: https://www.cdtm.de/2021/02/22/trend-seminar-fall-2020-independent-living-for-the-elderly/, Number of Outlinks: 18
URL: https://www.cdtm.de/2021/02/22/interface-aesthetics-cdtm-elective-2020/, Number of Outlinks: 15
URL: https://www.cdtm.de/2021/02/17/females-of-impact-series-josephine-kuhl/, Number of Outlinks: 12
URL: https://www.cdtm.de/2021/01/02/female-entrepreneur-series-cdtm-females-creating-big-impact/, Number of Outlinks: 12
URL: https://www.cdtm.de/2020/09/15/trend-seminar-spring-2020-public-administration-in-the-digital-era/, Number of Outlinks: 15
URL: https://www.cdtm.de/2020/08/25/la-famiglia-cdtm-entrepeneurs/, Number of Outlinks: 12
URL: https://www.cdtm.de/category/center-stories/page/2/, Number of Outlinks: 20
URL: https://www.cdtm.de/climate-club/, Number of Outlinks: 0
URL: https://www.cdtm.de/author/tim-engelmann/, Number of Outlinks: 7
URL: https://www.cdtm.de/2021/07/20/environmental-cost-food-choice/, Number of Outlinks: 29
URL: https://www.cdtm.de/2021/03/08/recycling-5-things-you-should-know-about-your-waste/, Number of Outlinks: 28
URL: https://www.cdtm.de/2021/01/11/entrepreneurship-to-counteract-waste-through-to-go-food-for-sustainable-development/, Number of Outlinks: 19
URL: https://www.cdtm.de/2020/06/30/collaboration-for-sustainability/, Number of Outlinks: 16
URL: https://www.cdtm.de/2019/09/02/our-student-sustainability-initiative/, Number of Outlinks: 13
URL: https://www.cdtm.de/2019/06/30/cdtm-climate-club/, Number of Outlinks: 11
URL: https://www.cdtm.de/climate-club/study/admission/, Number of Outlinks: 8
URL: https://www.cdtm.de/climate-club/research/jobs/, Number of Outlinks: 7
URL: https://www.cdtm.de/climate-club/collaborate/access-to-talents/, Number of Outlinks: 8
URL: https://www.cdtm.de/climate-club/collaborate/speakers-lecturers/, Number of Outlinks: 7
URL: https://www.cdtm.de/climate-club/contact/, Number of Outlinks: 8
URL: https://www.cdtm.de/climate-club/legal/, Number of Outlinks: 7
URL: https://www.cdtm.de/podcast/, Number of Outlinks: 0
URL: https://open.spotify.com/show/2pC2pNuHmWjWOcGBdfFffH, Number of Outlinks: 30
URL: https://www.deezer.com/us/show/2026792, Number of Outlinks: 23
URL: https://open.spotify.com/episode/46vR3KYVsI1f87zOcsq3Fh, Number of Outlinks: 2
URL: https://open.spotify.com/episode/0yAhRmDSraBYrtFnleJhNm, Number of Outlinks: 2
URL: https://open.spotify.com/episode/2eCO8uZRnCV6JGH5umarw6, Number of Outlinks: 2
URL: https://forms.gle/nkHc1ch16CQMFDne8, Number of Outlinks: 4
URL: https://open.spotify.com/episode/6zyQpIXs0VMs4pKlol4njt, Number of Outlinks: 2
URL: https://open.spotify.com/episode/42qq8yUlOafFXfz1I6dHNK, Number of Outlinks: 2
URL: https://open.spotify.com/episode/7D0JH7dl2hCqqavWyuzjrf, Number of Outlinks: 2
URL: https://open.spotify.com/episode/2dSL7foQu7ohHnSQWlS970, Number of Outlinks: 2
URL: https://open.spotify.com/episode/6NroeuWyHBsAWF0KhsvDrI, Number of Outlinks: 2
URL: https://open.spotify.com/episode/3zDfEatMrRyxLq5WrHPeLw, Number of Outlinks: 2
URL: https://open.spotify.com/episode/3963MNL5f3OL4P58C0XNCG, Number of Outlinks: 2
URL: https://open.spotify.com/episode/5wbg0kRpPDQYdezQM5pXQE?si=msDn8A_NRZ-Jy8OX3iB7yg, Number of Outlinks: 2
URL: https://open.spotify.com/episode/51Naeo77gMtUvEydBBSck9?si=YWYphu_zSmyFrQhvKZ2wDw, Number of Outlinks: 2
URL: https://www.cdtm.de/podcast/page/2/, Number of Outlinks: 15
URL: https://www.cdtm.de/podcast/study/admission/, Number of Outlinks: 8
URL: https://www.cdtm.de/podcast/research/jobs/, Number of Outlinks: 7
URL: https://www.cdtm.de/podcast/collaborate/access-to-talents/, Number of Outlinks: 8
URL: https://www.cdtm.de/podcast/collaborate/speakers-lecturers/, Number of Outlinks: 7
URL: https://www.cdtm.de/podcast/contact/, Number of Outlinks: 8
URL: https://www.cdtm.de/podcast/legal/, Number of Outlinks: 7
URL: https://www.cdtm.de/about-us/press/, Number of Outlinks: 0
URL: https://www.cdtm.de/author/neul/, Number of Outlinks: 17
URL: https://www.konux.com/de/, Number of Outlinks: 27
URL: https://www.gruenderszene.de/allgemein/cdtm-muenchen-portraet, Number of Outlinks: 95
URL: https://www.cdtm.de/about-us/press/study/admission/, Number of Outlinks: 8
URL: https://www.cdtm.de/about-us/press/research/jobs/, Number of Outlinks: 7
URL: https://www.cdtm.de/about-us/press/collaborate/access-to-talents/, Number of Outlinks: 8
URL: https://www.cdtm.de/about-us/press/collaborate/speakers-lecturers/, Number of Outlinks: 7
URL: https://www.cdtm.de/about-us/press/contact/, Number of Outlinks: 8
URL: https://www.cdtm.de/about-us/press/legal/, Number of Outlinks: 7
URL: https://www.cdtm.de/events/, Number of Outlinks: 0
URL: https://www.cdtm.de/events/list/?tribe_event_display=past&tribe_paged=1, Number of Outlinks: 10
URL: https://www.cdtm.de/events/study/admission/, Number of Outlinks: 8
URL: https://www.cdtm.de/events/research/jobs/, Number of Outlinks: 7
URL: https://www.cdtm.de/events/collaborate/access-to-talents/, Number of Outlinks: 8
URL: https://www.cdtm.de/events/collaborate/speakers-lecturers/, Number of Outlinks: 7
URL: https://www.cdtm.de/events/contact/, Number of Outlinks: 8
URL: https://www.cdtm.de/events/legal/, Number of Outlinks: 7
URL: https://www.cdtm.de/study/admission/, Number of Outlinks: 1
URL: https://www.cdtm.de/author/kobiellac/, Number of Outlinks: 8
URL: https://www.cdtm.de/study/admission/study/admission/, Number of Outlinks: 10
URL: https://www.cdtm.de/study/admission/research/jobs/, Number of Outlinks: 7
URL: https://www.cdtm.de/study/admission/collaborate/access-to-talents/, Number of Outlinks: 8
URL: https://www.cdtm.de/study/admission/collaborate/speakers-lecturers/, Number of Outlinks: 7
URL: https://www.cdtm.de/study/admission/contact/, Number of Outlinks: 8
URL: https://www.cdtm.de/study/admission/legal/, Number of Outlinks: 7
URL: https://www.cdtm.de/study/curriculum/, Number of Outlinks: 0
URL: https://www.cdtm.de/study/curriculum/research/bookstore/, Number of Outlinks: 8
URL: https://www.cdtm.de/study/curriculum/collaborate/innovation-research/cooperate-trend-seminar/, Number of Outlinks: 7
URL: https://www.cdtm.de/study/curriculum/collaborate/innovation-research/managing-product-development/, Number of Outlinks: 7
URL: http://www.cdtm.de/collaborate/innovation-research/entrepreneurship-laboratory/, Number of Outlinks: 7
URL: https://www.cdtm.de/study/curriculum/collaborate/innovation-research/entrepreneurship-laboratory/, Number of Outlinks: 7
URL: https://www.cdtm.de/study/curriculum/collaborate/innovation-research/electives-hackathons/, Number of Outlinks: 12
URL: http://www.cdtm.de/collaborate/innovation-research/electives-hackathons/, Number of Outlinks: 7
URL: https://www.cdtm.de/study/curriculum/study/admission/, Number of Outlinks: 8
URL: https://www.cdtm.de/study/curriculum/research/jobs/, Number of Outlinks: 7
URL: https://www.cdtm.de/study/curriculum/collaborate/access-to-talents/, Number of Outlinks: 8
URL: https://www.cdtm.de/study/curriculum/collaborate/speakers-lecturers/, Number of Outlinks: 7
URL: https://www.cdtm.de/study/curriculum/contact/, Number of Outlinks: 8
URL: https://www.cdtm.de/study/curriculum/legal/, Number of Outlinks: 7
URL: https://www.cdtm.de/study/scholarship/, Number of Outlinks: 0
URL: https://www.cdtm.de/admission-faq/, Number of Outlinks: 7
URL: https://www.picuscap.com/, Number of Outlinks: 23
URL: https://www.cdtm.de/cdtm_team/prof-dr-dres-h-c-arnold-picot-%E2%80%A0/?portfolioCats=47, Number of Outlinks: 7
URL: https://www.cdtm.de/study/scholarship/study/admission/, Number of Outlinks: 8
URL: https://www.cdtm.de/study/scholarship/research/jobs/, Number of Outlinks: 7
URL: https://www.cdtm.de/study/scholarship/collaborate/access-to-talents/, Number of Outlinks: 8
URL: https://www.cdtm.de/study/scholarship/collaborate/speakers-lecturers/, Number of Outlinks: 7
URL: https://www.cdtm.de/study/scholarship/contact/, Number of Outlinks: 8
URL: https://www.cdtm.de/study/scholarship/legal/, Number of Outlinks: 7
URL: https://www.cdtm.de/study/alumni-stories/, Number of Outlinks: 0
URL: https://www.cdtm.de/cdtm_team/veronika-schweighart/, Number of Outlinks: 7
URL: https://www.cdtm.de/cdtm_team/anna-schwarz/, Number of Outlinks: 7
URL: https://www.cdtm.de/cdtm_team/veronika-riederle/, Number of Outlinks: 7
URL: https://www.cdtm.de/cdtm_team/hanno-renner/, Number of Outlinks: 7
URL: https://www.cdtm.de/cdtm_team/anselm-bauer-basti-schuon-benni-gunther-max-josef-meier/, Number of Outlinks: 7
URL: https://www.cdtm.de/author/krauthf/, Number of Outlinks: 7
URL: https://www.cdtm.de/cdtm_team/gabriel-matuschka-2/, Number of Outlinks: 7
URL: https://www.cdtm.de/study/alumni-stories/study/admission/, Number of Outlinks: 8
URL: https://www.cdtm.de/study/alumni-stories/research/jobs/, Number of Outlinks: 7
URL: https://www.cdtm.de/study/alumni-stories/collaborate/access-to-talents/, Number of Outlinks: 8
URL: https://www.cdtm.de/study/alumni-stories/collaborate/speakers-lecturers/, Number of Outlinks: 7
URL: https://www.cdtm.de/study/alumni-stories/contact/, Number of Outlinks: 8
URL: https://www.cdtm.de/study/alumni-stories/legal/, Number of Outlinks: 7
URL: https://www.cdtm.de/study/personal-growth/, Number of Outlinks: 0
URL: https://www.cdtm.de/study/personal-growth/study/personal-growth/term-abroad/, Number of Outlinks: 18
URL: https://www.cdtm.de/study/personal-growth/study/admission/, Number of Outlinks: 8
URL: https://www.cdtm.de/study/personal-growth/research/jobs/, Number of Outlinks: 7
URL: https://www.cdtm.de/study/personal-growth/collaborate/access-to-talents/, Number of Outlinks: 8
URL: https://www.cdtm.de/study/personal-growth/collaborate/speakers-lecturers/, Number of Outlinks: 7
URL: https://www.cdtm.de/study/personal-growth/contact/, Number of Outlinks: 8
URL: https://www.cdtm.de/study/personal-growth/legal/, Number of Outlinks: 7
URL: https://www.cdtm.de/study/admission/admission-faq/, Number of Outlinks: 0
URL: https://www.cdtm.de/study/admission/admission-faq/study/admission/, Number of Outlinks: 8
URL: https://www.cdtm.de/study/admission/admission-faq/research/jobs/, Number of Outlinks: 7
URL: https://www.cdtm.de/study/admission/admission-faq/collaborate/access-to-talents/, Number of Outlinks: 8
URL: https://www.cdtm.de/study/admission/admission-faq/collaborate/speakers-lecturers/, Number of Outlinks: 7
URL: https://www.cdtm.de/study/admission/admission-faq/contact/, Number of Outlinks: 8
URL: https://www.cdtm.de/study/admission/admission-faq/legal/, Number of Outlinks: 7
URL: https://www.cdtm.de/collaborate/, Number of Outlinks: 0
URL: https://www.siemens.de, Number of Outlinks: 0
URL: https://www.mckinsey.de/, Number of Outlinks: 232
URL: https://www.allianz.de/, Number of Outlinks: 130
URL: https://www.egym.com, Number of Outlinks: 46
URL: https://www.cdtm.de/collaborate/cooperate/all-partners/, Number of Outlinks: 10
URL: https://www.cdtm.de/collaborate/cooperate/innovation-research/, Number of Outlinks: 16
URL: https://www.cdtm.de/collaborate/collaborate/speakers-lecturers/, Number of Outlinks: 7
URL: https://www.cdtm.de/collaborate/collaborate/cdtm-ecosystem/, Number of Outlinks: 8
URL: https://www.cdtm.de/collaborate/collaborate/access-to-talents/, Number of Outlinks: 8
URL: https://www.cdtm.de/collaborate/study/admission/, Number of Outlinks: 8
URL: https://www.cdtm.de/collaborate/research/jobs/, Number of Outlinks: 7
URL: https://www.cdtm.de/collaborate/contact/, Number of Outlinks: 8
URL: https://www.cdtm.de/collaborate/legal/, Number of Outlinks: 7
URL: https://www.cdtm.de/collaborate/innovation-research/, Number of Outlinks: 0
URL: https://www.cdtm.de/collaborate/innovation-research/collaborate/innovation-research/cooperate-trend-seminar/, Number of Outlinks: 7
URL: https://www.cdtm.de/collaborate/innovation-research/research/bookstore/, Number of Outlinks: 8
URL: https://www.cdtm.de/collaborate/innovation-research/collaborate/innovation-research/managing-product-development/, Number of Outlinks: 7
URL: https://www.cdtm.de/collaborate/innovation-research/cooperate/innovation-research/managing-product-development/, Number of Outlinks: 7
URL: https://www.cdtm.de/collaborate/innovation-research/collaborate/innovation-research/entrepreneurship-laboratory/, Number of Outlinks: 7
URL: https://www.cdtm.de/collaborate/innovation-research/collaborate/innovation-research/electives-hackathons/, Number of Outlinks: 7
URL: https://www.cdtm.de/collaborate/innovation-research/research/research-projects/, Number of Outlinks: 12
URL: https://www.cdtm.de/collaborate/innovation-research/collaborate/innovation-research/entrepreneurship-education/, Number of Outlinks: 7
URL: https://www.cdtm.de/collaborate/innovation-research/research/, Number of Outlinks: 8
URL: https://www.cdtm.de/collaborate/innovation-research/study/admission/, Number of Outlinks: 8
URL: https://www.cdtm.de/collaborate/innovation-research/research/jobs/, Number of Outlinks: 7
URL: https://www.cdtm.de/collaborate/innovation-research/collaborate/access-to-talents/, Number of Outlinks: 8
