URL: https://www.mtsac.edu/, Number of Outlinks: 68
URL: https://www.mtsac.edu/maps/, Number of Outlinks: 48
URL: https://www.mtsac.edu/directory/, Number of Outlinks: 40
URL: https://inside.mtsac.edu, Number of Outlinks: 7
URL: https://mtsac.instructure.com, Number of Outlinks: 4
URL: https://www.mtsac.edu/it, Number of Outlinks: 68
URL: https://www.mtsac.edu/about/, Number of Outlinks: 72
URL: https://www.mtsac.edu/academics-and-training/, Number of Outlinks: 61
URL: https://www.mtsac.edu/admissions-and-aid/, Number of Outlinks: 67
URL: https://www.mtsac.edu/campus-life/, Number of Outlinks: 71
URL: https://www.mtsac.edu/health/index.html, Number of Outlinks: 48
URL: https://www.mtsac.edu/students/, Number of Outlinks: 86
URL: https://www.mtsac.edu/employees/, Number of Outlinks: 74
URL: https://www.mtsac.edu/alumni/, Number of Outlinks: 54
URL: https://www.mtsac.edu/community/, Number of Outlinks: 56
URL: https://www.mtsac.edu/about/why-mt-sac/, Number of Outlinks: 57
URL: https://www.mtsac.edu/admissions/apply-now.html, Number of Outlinks: 57
URL: https://www.mtsac.edu/about/why-mt-sac/compare-costs.html, Number of Outlinks: 61
URL: https://www.mtsac.edu/admissions/steps-to-apply, Number of Outlinks: 62
URL: https://www.mtsac.edu/financialaid, Number of Outlinks: 72
URL: https://www.mtsac.edu/catalog, Number of Outlinks: 44
URL: https://www.mtsac.edu/studentservices, Number of Outlinks: 132
URL: https://www.mtsac.edu/schedule, Number of Outlinks: 67
URL: https://www.mtsac.edu/online, Number of Outlinks: 45
URL: http://mtsac.lwcal.com/#view/all, Number of Outlinks: 20
URL: https://www.mtsac.edu/newsroom/news/posts/new_parking_ev.html, Number of Outlinks: 54
URL: https://www.mtsac.edu/newsroom/news/posts/75th_anniversary_video.html, Number of Outlinks: 48
URL: https://www.mtsac.edu/newsroom/news/posts/international_students_in_pandemic.html, Number of Outlinks: 48
URL: https://www.mtsac.edu/newsroom/news/posts/diamond_jubilee_invite.html, Number of Outlinks: 48
URL: https://www.mtsac.edu/newsroom/, Number of Outlinks: 57
URL: https://www.mtsac.edu/schedule/, Number of Outlinks: 0
URL: https://vimeo.com/mtsac, Number of Outlinks: 1
URL: https://www.mtsac.edu/emergency/, Number of Outlinks: 52
URL: https://www.mtsac.edu/marketing/social-media-directory.html, Number of Outlinks: 133
URL: https://www.mtsac.edu/mobile/, Number of Outlinks: 44
URL: https://www.mtsac.edu/admissions/, Number of Outlinks: 65
URL: https://www.mtsac.edu/assessment/, Number of Outlinks: 55
URL: https://www.mtsac.edu/counseling/, Number of Outlinks: 99
URL: https://www.mtsac.edu/financialaid/, Number of Outlinks: 0
URL: https://www.mtsac.edu/continuinged/, Number of Outlinks: 60
URL: https://www.mtsac.edu/catalog/, Number of Outlinks: 0
URL: https://hrjobs.mtsac.edu, Number of Outlinks: 13
URL: https://www.mtsac.edu/calendar/, Number of Outlinks: 0
URL: https://www.mtsac.edu/library/, Number of Outlinks: 72
URL: https://www.mtsacathletics.com/, Number of Outlinks: 343
URL: https://tickets.mtsac.edu/, Number of Outlinks: 0
URL: https://www.mtsac.edu/safety/permits-parking.html, Number of Outlinks: 39
URL: https://www.mtsac.edu/planetarium/, Number of Outlinks: 57
URL: https://www.mtsac.edu/about/getting-around/tours.html, Number of Outlinks: 56
URL: https://www.mtsac.edu/accreditation/, Number of Outlinks: 55
URL: https://www.mtsac.edu/accessibility/index.html, Number of Outlinks: 63
URL: https://www.boarddocs.com/ca/mtsac/Board.nsf/Public, Number of Outlinks: 4
URL: https://www.mtsac.edu/construction/, Number of Outlinks: 192
URL: https://www.mtsac.edu/purchasing/index.html, Number of Outlinks: 54
URL: https://www.mtsac.edu/efmp/, Number of Outlinks: 47
URL: https://www.mtsac.edu/it/infosecurity/privacy.html, Number of Outlinks: 58
URL: https://www.mtsac.edu/atoz/, Number of Outlinks: 55
URL: https://www.mtsac.edu/about/overview/contacts.html, Number of Outlinks: 62
URL: https://www.mtsac.edu/safety/, Number of Outlinks: 56
URL: https://www.mtsac.edu/webfeedback, Number of Outlinks: 0
URL: https://www.google.com/maps/place/Mt.+San+Antonio+College, Number of Outlinks: 1
URL: https://a.cms.omniupdate.com/11/?skin=oucampus&account=mtsac&site=Main&action=de&path=/index.pcf, Number of Outlinks: 3
URL: https://campusmap.mtsac.edu/?id=811#!ct/32081.31181.18308.13989.12302.12300.0.31180.31179.30933.35450.35538?mc/34.062614618053225.-117.86132812500001?z/11?lvl/0, Number of Outlinks: 0
URL: http://maps.google.com/maps?q=1100+N.+Grand+Ave.+Walnut.+CA&hl=en&ll=34.046366.-117.843411&spn=0.01481.0.018175&sll=34.046508.-117.844419&sspn=0.007405.0.009087&vpsrc=6&gl=us&hnear=1100+N+Grand+Ave.+Walnut.+California+91789&t=h&z=16, Number of Outlinks: 0
URL: https://a.cms.omniupdate.com/10?skin=oucampus&account=mtsac&site=Main&action=de&path=/maps/index.pcf, Number of Outlinks: 0
URL: https://prodweb.mtsac.edu:8008/ssomanager/c/SSB?pkg=pw_fac_oc_info.p_start, Number of Outlinks: 4
URL: https://a.cms.omniupdate.com/10?skin=oucampus&account=mtsac&site=Main&action=de&path=/directory/index.pcf, Number of Outlinks: 0
URL: https://lpp5auth.mtsac.edu/accountrecoveryendpoint/recoverpassword.do?callback=https%3A%2F%2Flpp5auth.mtsac.edu%3A443%2Fauthenticationendpoint%2Flogin.do%3FName%3DPreLoginRequestProcessor%26commonAuthCallerPath%3D%252Fcas%252Flogin%26forceAuth%3Dtrue%26passiveAuth%3Dfalse%26service%3Dhttps%3A%2F%2Finside.mtsac.edu%2Fc%2Fportal%2Flogin%26tenantDomain%3Dcarbon.super%26sessionDataKey%3De83cf97c-a6e8-4eee-9732-16232906604c%26relyingParty%3DLuminisPROD%26type%3Dcas%26sp%3DLuminisPROD%26isSaaSApp%3Dfalse%26authenticators%3DBasicAuthenticator%3ALOCAL, Number of Outlinks: 0
URL: https://lpp5auth.mtsac.edu/accountrecoveryendpoint/recoverusername.do?callback=https%3A%2F%2Flpp5auth.mtsac.edu%3A443%2Fauthenticationendpoint%2Flogin.do%3FName%3DPreLoginRequestProcessor%26commonAuthCallerPath%3D%252Fcas%252Flogin%26forceAuth%3Dtrue%26passiveAuth%3Dfalse%26service%3Dhttps%3A%2F%2Finside.mtsac.edu%2Fc%2Fportal%2Flogin%26tenantDomain%3Dcarbon.super%26sessionDataKey%3De83cf97c-a6e8-4eee-9732-16232906604c%26relyingParty%3DLuminisPROD%26type%3Dcas%26sp%3DLuminisPROD%26isSaaSApp%3Dfalse%26authenticators%3DBasicAuthenticator%3ALOCAL, Number of Outlinks: 0
URL: https://prodssb.mtsac.edu/prod/pw_cr_account_claim.P_Start, Number of Outlinks: 0
URL: https://inside.mtsac.edu/password/change, Number of Outlinks: 4
URL: https://www.mtsac.edu/it/issues/, Number of Outlinks: 59
URL: https://lpp5auth.mtsac.edu/accountrecoveryendpoint/register.do?callback=https%3A%2F%2Flpp5auth.mtsac.edu%3A443%2Fauthenticationendpoint%2Flogin.do%3FName%3DPreLoginRequestProcessor%26commonAuthCallerPath%3D%252Fcas%252Flogin%26forceAuth%3Dtrue%26passiveAuth%3Dfalse%26service%3Dhttps%3A%2F%2Finside.mtsac.edu%2Fc%2Fportal%2Flogin%26tenantDomain%3Dcarbon.super%26sessionDataKey%3De83cf97c-a6e8-4eee-9732-16232906604c%26relyingParty%3DLuminisPROD%26type%3Dcas%26sp%3DLuminisPROD%26isSaaSApp%3Dfalse%26authenticators%3DBasicAuthenticator%3ALOCAL, Number of Outlinks: 0
URL: https://lpp5auth.mtsac.edu/accountrecoveryendpoint/recoverpassword.do?callback=https%3A%2F%2Flpp5auth.mtsac.edu%3A443%2Fauthenticationendpoint%2Flogin.do%3FName%3DPreLoginRequestProcessor%26commonAuthCallerPath%3D%252Fcas%252Flogin%26forceAuth%3Dtrue%26passiveAuth%3Dfalse%26service%3Dhttps%3A%2F%2Fmtsac.instructure.com%2Flogin%2Fcas%26tenantDomain%3Dcarbon.super%26sessionDataKey%3D41741150-88fe-47f3-ad97-b743f8e2616c%26relyingParty%3DCanvas%26type%3Dcas%26sp%3DCanvas%26isSaaSApp%3Dfalse%26authenticators%3DBasicAuthenticator%3ALOCAL, Number of Outlinks: 1
URL: https://lpp5auth.mtsac.edu/accountrecoveryendpoint/recoverusername.do?callback=https%3A%2F%2Flpp5auth.mtsac.edu%3A443%2Fauthenticationendpoint%2Flogin.do%3FName%3DPreLoginRequestProcessor%26commonAuthCallerPath%3D%252Fcas%252Flogin%26forceAuth%3Dtrue%26passiveAuth%3Dfalse%26service%3Dhttps%3A%2F%2Fmtsac.instructure.com%2Flogin%2Fcas%26tenantDomain%3Dcarbon.super%26sessionDataKey%3D41741150-88fe-47f3-ad97-b743f8e2616c%26relyingParty%3DCanvas%26type%3Dcas%26sp%3DCanvas%26isSaaSApp%3Dfalse%26authenticators%3DBasicAuthenticator%3ALOCAL, Number of Outlinks: 0
URL: https://lpp5auth.mtsac.edu/accountrecoveryendpoint/register.do?callback=https%3A%2F%2Flpp5auth.mtsac.edu%3A443%2Fauthenticationendpoint%2Flogin.do%3FName%3DPreLoginRequestProcessor%26commonAuthCallerPath%3D%252Fcas%252Flogin%26forceAuth%3Dtrue%26passiveAuth%3Dfalse%26service%3Dhttps%3A%2F%2Fmtsac.instructure.com%2Flogin%2Fcas%26tenantDomain%3Dcarbon.super%26sessionDataKey%3D41741150-88fe-47f3-ad97-b743f8e2616c%26relyingParty%3DCanvas%26type%3Dcas%26sp%3DCanvas%26isSaaSApp%3Dfalse%26authenticators%3DBasicAuthenticator%3ALOCAL, Number of Outlinks: 0
URL: https://inside.mtsac.edu/, Number of Outlinks: 3
URL: https://app.smartsheet.com/b/form?EQBCT=a5c60a3a19d24fe49ada5bef3683ef04, Number of Outlinks: 0
URL: https://www.mtsac.edu/it/blog/faqs_covid19.html, Number of Outlinks: 68
URL: https://www.mtsac.edu/it/blog/quarterly-report.html, Number of Outlinks: 70
URL: https://www.mtsac.edu/it/blog/banner_login.html, Number of Outlinks: 62
URL: https://www.mtsac.edu/it/blog/banner_pw.html, Number of Outlinks: 60
URL: https://a.cms.omniupdate.com/11/?skin=oucampus&account=mtsac&site=Main&action=de&path=/it/index.pcf, Number of Outlinks: 0
URL: https://mtsac.lwcal.com/, Number of Outlinks: 15
URL: https://a.cms.omniupdate.com/11/?skin=oucampus&account=mtsac&site=Main&action=de&path=/about/index.pcf, Number of Outlinks: 0
URL: http://communityed.mtsac.edu/, Number of Outlinks: 33
URL: https://a.cms.omniupdate.com/11/?skin=oucampus&account=mtsac&site=Main&action=de&path=/academics-and-training/index.pcf, Number of Outlinks: 0
URL: https://prodweb.mtsac.edu:8008/ssomanager/c/SSB?pkg=pw_student_checklist.P_Start, Number of Outlinks: 4
URL: https://ccc.emsicc.com/?radius=&region=California, Number of Outlinks: 0
URL: https://a.cms.omniupdate.com/10?skin=oucampus&account=mtsac&site=Main&action=de&path=/admissions-and-aid/index.pcf, Number of Outlinks: 0
URL: http://mtsac.lwcal.com/#!view/all, Number of Outlinks: 15
URL: http://www.mtsacathletics.com/, Number of Outlinks: 223
URL: http://www.mtsacathletics.com/student_athlete_info/Become_A_Mountie, Number of Outlinks: 171
URL: https://www.mtsacathletics.com/fanzone/admission, Number of Outlinks: 172
URL: https://a.cms.omniupdate.com/11/?skin=oucampus&account=mtsac&site=Main&action=de&path=/campus-life/index.pcf, Number of Outlinks: 0
URL: https://www.mtsac.edu/health/index.html//app-na.readspeaker.com/cgi-bin/rsent?customerid=9690&lang=en_us&readid=mainContent, Number of Outlinks: 47
URL: https://www.mtsac.edu/health/index.html/maps/, Number of Outlinks: 46
URL: https://www.mtsac.edu/health/index.html/directory/, Number of Outlinks: 46
URL: https://www.mtsac.edu/health/index.html/it, Number of Outlinks: 46
URL: https://www.mtsac.edu/health/index.html/about/, Number of Outlinks: 46
URL: https://www.mtsac.edu/health/index.html/academics-and-training/, Number of Outlinks: 46
URL: https://www.mtsac.edu/health/index.html/admissions-and-aid/, Number of Outlinks: 46
URL: https://www.mtsac.edu/health/index.html/campus-life/, Number of Outlinks: 46
URL: https://www.mtsac.edu/health/index.html/health/index.html, Number of Outlinks: 46
URL: https://www.mtsac.edu/health/index.html/students/, Number of Outlinks: 46
URL: https://www.mtsac.edu/health/index.html/employees/, Number of Outlinks: 46
URL: https://www.mtsac.edu/health/index.html/alumni/, Number of Outlinks: 46
URL: https://www.mtsac.edu/health/index.html/community/, Number of Outlinks: 46
URL: https://www.mtsac.edu/health/index.html/health, Number of Outlinks: 46
URL: https://www.mtsac.edu/health/index.html/health/alerts.html, Number of Outlinks: 46
URL: https://www.mtsac.edu/health/index.html/health/covid-dashboard.html, Number of Outlinks: 46
URL: https://www.mtsac.edu/health/index.html/health/safety.html, Number of Outlinks: 46
URL: https://www.mtsac.edu/health/index.html/health/covidscreen.html, Number of Outlinks: 46
URL: https://www.mtsac.edu/health/index.html/health/employeescreen.html, Number of Outlinks: 46
URL: https://www.mtsac.edu/health/index.html/health/visitorscreen.html, Number of Outlinks: 46
URL: https://www.c4wrk.com/594cgcPjEi9kCWHt8, Number of Outlinks: 0
URL: https://www.mtsac.edu/health/index.html/health/student-resources.html, Number of Outlinks: 46
URL: https://www.mtsac.edu/health/index.html/health/employee-resources.html, Number of Outlinks: 46
URL: https://www.mtsac.edu/health/index.html/health/contact-public-health.html, Number of Outlinks: 46
URL: https://www.mtsac.edu/health/index.html/admissions/, Number of Outlinks: 46
URL: https://www.mtsac.edu/health/index.html/assessment/, Number of Outlinks: 46
URL: https://www.mtsac.edu/health/index.html/counseling/, Number of Outlinks: 46
URL: https://www.mtsac.edu/health/index.html/financialaid/, Number of Outlinks: 46
URL: https://www.mtsac.edu/health/index.html/continuinged/, Number of Outlinks: 46
URL: https://www.mtsac.edu/health/index.html/catalog/, Number of Outlinks: 46
URL: https://www.mtsac.edu/health/index.html/calendar/, Number of Outlinks: 46
URL: https://www.mtsac.edu/health/index.html/library/, Number of Outlinks: 46
URL: https://www.mtsac.edu/health/index.html/schedule/, Number of Outlinks: 46
URL: https://www.mtsac.edu/health/index.html/about/why-mt-sac/, Number of Outlinks: 46
URL: https://www.mtsac.edu/health/index.html/safety/permits-parking.html, Number of Outlinks: 46
URL: https://www.mtsac.edu/health/index.html/planetarium/, Number of Outlinks: 46
URL: https://www.mtsac.edu/health/index.html/about/getting-around/tours.html, Number of Outlinks: 46
URL: https://www.mtsac.edu/health/index.html/accreditation/, Number of Outlinks: 46
URL: https://www.mtsac.edu/health/index.html/accessibility/index.html, Number of Outlinks: 46
URL: https://www.mtsac.edu/health/index.html/construction/, Number of Outlinks: 46
URL: https://www.mtsac.edu/health/index.html/purchasing/index.html, Number of Outlinks: 46
URL: https://www.mtsac.edu/health/index.html/efmp/, Number of Outlinks: 46
URL: https://www.mtsac.edu/health/index.html/it/infosecurity/privacy.html, Number of Outlinks: 46
URL: https://www.mtsac.edu/health/index.html/atoz/, Number of Outlinks: 46
URL: https://www.mtsac.edu/health/index.html/about/overview/contacts.html, Number of Outlinks: 46
URL: https://www.mtsac.edu/health/index.html/safety/, Number of Outlinks: 46
URL: https://www.mtsac.edu/health/index.html/webfeedback, Number of Outlinks: 46
URL: https://a.cms.omniupdate.com/11/?skin=oucampus&account=mtsac&site=Main&action=de&path=/health/index.pcf, Number of Outlinks: 0
URL: https://mtsac.instructure.com/, Number of Outlinks: 4
URL: http://www.mtsacathletics.com, Number of Outlinks: 0
URL: https://secure.ethicspoint.com/domain/media/en/gui/54937/index.html, Number of Outlinks: 5
URL: https://a.cms.omniupdate.com/11/?skin=oucampus&account=mtsac&site=Main&action=de&path=/students/index.pcf, Number of Outlinks: 0
URL: http://printingservices.mtsac.edu/, Number of Outlinks: 2
URL: https://mtsacdining.sodexomyway.com/, Number of Outlinks: 29
URL: https://a.cms.omniupdate.com/10?skin=oucampus&account=mtsac&site=Main&action=de&path=/employees/index.pcf, Number of Outlinks: 0
URL: https://www.mtsac.edu/alumni/board-members, Number of Outlinks: 54
URL: https://www.mtsac.edu/alumni/impact, Number of Outlinks: 27
URL: https://www.mtsac.edu/alumni/scholarships, Number of Outlinks: 44
URL: https://www.mtsac.edu/alumni/news-1, Number of Outlinks: 37
URL: https://www.mtsac.edu/alumni/community-connections, Number of Outlinks: 32
URL: https://www.mtsac.edu/alumni/forms, Number of Outlinks: 34
URL: https://www.mtsac.edu/alumni/ways-to-get-involved, Number of Outlinks: 37
URL: https://www.mtsac.edu/alumni/golf-classic, Number of Outlinks: 27
URL: https://www.mtsac.edu/alumni/presidents-breakfast, Number of Outlinks: 27
URL: https://www.mtsac.edu/alumni/ways-to-give, Number of Outlinks: 33
URL: https://www.mtsac.edu/alumni/events, Number of Outlinks: 27
URL: https://www.mtsac.edu/alumni/newsletter, Number of Outlinks: 27
URL: https://www.mtsac.edu/alumni/alumni-events, Number of Outlinks: 27
URL: https://www.mtsac.edu/alumni/mountie-spotlight, Number of Outlinks: 51
URL: https://www.mtsac.edu/alumni/alumni-stories-1/kamryn-whitney, Number of Outlinks: 34
URL: https://www.mtsac.edu/alumni/alumni-stories-1/erica-ledezma, Number of Outlinks: 32
URL: https://www.mtsac.edu/alumni/alumni-stories-1/jerrica-bryce-gordon, Number of Outlinks: 31
URL: https://www.mtsac.edu/alumni/alumni-stories-1/wesley-yao, Number of Outlinks: 30
URL: https://www.mtsac.edu/alumni/alumni-stories-1/dove-dellos-kilde, Number of Outlinks: 30
URL: https://www.mtsac.edu/alumni/alumni-stories-1/lia-booth, Number of Outlinks: 31
URL: https://www.mtsac.edu/alumni/alumni-stories-1/eric-galindo, Number of Outlinks: 30
URL: https://www.mtsac.edu/alumni/alumni-stories-1/j-r-harrison, Number of Outlinks: 30
URL: https://www.mtsac.edu/alumni/alumni-stories-1/mike-bertelsen, Number of Outlinks: 30
URL: https://www.mtsac.edu/alumni/alumni-stories-1/harrison-sisters, Number of Outlinks: 31
URL: https://www.mtsac.edu/alumni/alumni-of-the-year/augie-max-vargas, Number of Outlinks: 29
URL: https://www.mtsac.edu/alumni/alumni-of-the-year/2018/7/17/elizabeth-yang, Number of Outlinks: 30
URL: https://www.mtsac.edu/alumni/alumni-of-the-year/willie-lee-daniels, Number of Outlinks: 30
URL: https://www.mtsac.edu/alumni/alumni-of-the-year/tobie-hatfield, Number of Outlinks: 30
URL: https://www.mtsac.edu/alumni/alumni-of-the-year/dave-lannom, Number of Outlinks: 30
URL: https://www.mtsac.edu/alumni/alumni-of-the-year/rafael-agustin-guerrero, Number of Outlinks: 30
URL: https://www.mtsac.edu/alumni/alumni-of-the-year/hector-javier-preciado, Number of Outlinks: 31
URL: https://www.mtsac.edu/alumni/alumni-of-the-year/kimberly-ann-harrison, Number of Outlinks: 30
URL: https://www.mtsac.edu/alumni/alumni-of-the-year/harumi-bacon-sakatani, Number of Outlinks: 30
URL: https://www.mtsac.edu/alumni/alumni-of-the-year/antonio-pierce, Number of Outlinks: 30
URL: https://www.mtsac.edu/alumni/alumni-of-the-year-all, Number of Outlinks: 55
URL: https://www.mtsac.edu/alumni/board-resources, Number of Outlinks: 40
URL: https://www.mtsac.edu/alumni/events-calendar, Number of Outlinks: 37
URL: https://mtsac.squarespace.com/privacy-statement, Number of Outlinks: 29
URL: https://www.mtsac.edu/alumni/privacy-statement, Number of Outlinks: 27
URL: http://www.mtsacfoundation.org/, Number of Outlinks: 48
URL: http://www.mtsacrelays.com/giving.html, Number of Outlinks: 0
URL: https://hrjobs.mtsac.edu/, Number of Outlinks: 0
URL: https://a.cms.omniupdate.com/11/?skin=oucampus&account=mtsac&site=Main&action=de&path=/community/index.pcf, Number of Outlinks: 0
URL: https://a.cms.omniupdate.com/10?skin=oucampus&account=mtsac&site=Main&action=de&path=/about/why-mt-sac/index.pcf, Number of Outlinks: 0
URL: https://www.mtsac.edu/admissions/apply-now.html//app-na.readspeaker.com/cgi-bin/rsent?customerid=9690&lang=en_us&readid=mainContent, Number of Outlinks: 55
URL: https://www.mtsac.edu/admissions/apply-now.html/maps/, Number of Outlinks: 55
URL: https://www.mtsac.edu/admissions/apply-now.html/directory/, Number of Outlinks: 55
URL: https://www.mtsac.edu/admissions/apply-now.html/it, Number of Outlinks: 55
URL: https://www.mtsac.edu/admissions/apply-now.html/about/, Number of Outlinks: 55
URL: https://www.mtsac.edu/admissions/apply-now.html/academics-and-training/, Number of Outlinks: 55
URL: https://www.mtsac.edu/admissions/apply-now.html/admissions-and-aid/, Number of Outlinks: 55
URL: https://www.mtsac.edu/admissions/apply-now.html/campus-life/, Number of Outlinks: 55
URL: https://www.mtsac.edu/admissions/apply-now.html/health/index.html, Number of Outlinks: 55
URL: https://www.mtsac.edu/admissions/apply-now.html/students/, Number of Outlinks: 55
URL: https://www.mtsac.edu/admissions/apply-now.html/employees/, Number of Outlinks: 55
URL: https://www.mtsac.edu/admissions/apply-now.html/alumni/, Number of Outlinks: 55
URL: https://www.mtsac.edu/admissions/apply-now.html/community/, Number of Outlinks: 55
URL: https://www.mtsac.edu/admissions/apply-now.html/admissions, Number of Outlinks: 55
URL: https://www.mtsac.edu/admissions/apply-now.html/admissions/steps-to-apply/index.html, Number of Outlinks: 55
URL: https://www.mtsac.edu/admissions/apply-now.html/admissions/apply-now.html, Number of Outlinks: 55
URL: https://www.mtsac.edu/admissions/apply-now.html/admissions/steps-to-apply/apply-new-student.html, Number of Outlinks: 55
URL: https://www.mtsac.edu/admissions/apply-now.html/admissions/steps-to-apply/apply-returning-student.html, Number of Outlinks: 55
URL: https://www.mtsac.edu/admissions/apply-now.html/admissions/steps-to-apply/apply-transfer-students.html, Number of Outlinks: 55
URL: https://www.mtsac.edu/admissions/apply-now.html/international/f1_student_steps_to_apply.html, Number of Outlinks: 55
URL: https://www.mtsac.edu/admissions/apply-now.html/admissions/steps-to-apply/enroll-hs-students-taking-college-courses.html, Number of Outlinks: 55
URL: https://www.mtsac.edu/admissions/apply-now.html/admissions/register-for-classes/how-to-find-classes.html, Number of Outlinks: 55
URL: https://www.mtsac.edu/admissions/apply-now.html/admissions/register-for-classes/index.html, Number of Outlinks: 55
URL: https://www.mtsac.edu/admissions/apply-now.html/admissions/register-for-classes/how-to-drop-classes.html, Number of Outlinks: 55
URL: https://www.mtsac.edu/admissions/apply-now.html/admissions/register-for-classes/priority-registration-policy.html, Number of Outlinks: 55
URL: https://www.mtsac.edu/admissions/apply-now.html/admissions/register-for-classes/eligibility-for-classes.html, Number of Outlinks: 55
URL: https://www.mtsac.edu/admissions/apply-now.html/admissions/register-for-classes/wait-lists.html, Number of Outlinks: 55
URL: https://www.mtsac.edu/admissions/apply-now.html/admissions/fees/index.html, Number of Outlinks: 55
URL: https://www.mtsac.edu/admissions/apply-now.html/admissions/fees/how-to-pay-online.html, Number of Outlinks: 55
URL: https://www.mtsac.edu/admissions/apply-now.html/admissions/forms-and-publications.html, Number of Outlinks: 55
URL: https://www.mtsac.edu/admissions/apply-now.html/admissions/faq.html, Number of Outlinks: 55
URL: https://www.mtsac.edu/admissions/apply-now.html/admissions/contact.html, Number of Outlinks: 55
URL: https://www.mtsac.edu/admissions/apply-now.html/admissions/, Number of Outlinks: 1
URL: https://www.mtsac.edu/admissions/apply-now.html/assessment/, Number of Outlinks: 55
URL: https://www.mtsac.edu/admissions/apply-now.html/counseling/, Number of Outlinks: 55
URL: https://www.mtsac.edu/admissions/apply-now.html/financialaid/, Number of Outlinks: 55
URL: https://www.mtsac.edu/admissions/apply-now.html/continuinged/, Number of Outlinks: 55
URL: https://www.mtsac.edu/admissions/apply-now.html/catalog/, Number of Outlinks: 55
URL: https://www.mtsac.edu/admissions/apply-now.html/calendar/, Number of Outlinks: 55
URL: https://www.mtsac.edu/admissions/apply-now.html/library/, Number of Outlinks: 55
URL: https://www.mtsac.edu/admissions/apply-now.html/schedule/, Number of Outlinks: 55
URL: https://www.mtsac.edu/admissions/apply-now.html/about/why-mt-sac/, Number of Outlinks: 55
URL: https://www.mtsac.edu/admissions/apply-now.html/safety/permits-parking.html, Number of Outlinks: 55
URL: https://www.mtsac.edu/admissions/apply-now.html/planetarium/, Number of Outlinks: 55
URL: https://www.mtsac.edu/admissions/apply-now.html/about/getting-around/tours.html, Number of Outlinks: 55
URL: https://www.mtsac.edu/admissions/apply-now.html/accreditation/, Number of Outlinks: 55
URL: https://www.mtsac.edu/admissions/apply-now.html/accessibility/index.html, Number of Outlinks: 55
URL: https://www.mtsac.edu/admissions/apply-now.html/construction/, Number of Outlinks: 55
URL: https://www.mtsac.edu/admissions/apply-now.html/purchasing/index.html, Number of Outlinks: 55
URL: https://www.mtsac.edu/admissions/apply-now.html/efmp/, Number of Outlinks: 55
URL: https://www.mtsac.edu/admissions/apply-now.html/it/infosecurity/privacy.html, Number of Outlinks: 55
URL: https://www.mtsac.edu/admissions/apply-now.html/atoz/, Number of Outlinks: 55
URL: https://www.mtsac.edu/admissions/apply-now.html/about/overview/contacts.html, Number of Outlinks: 55
URL: https://www.mtsac.edu/admissions/apply-now.html/safety/, Number of Outlinks: 55
URL: https://www.mtsac.edu/admissions/apply-now.html/webfeedback, Number of Outlinks: 55
URL: https://a.cms.omniupdate.com/11/?skin=oucampus&account=mtsac&site=Main&action=de&path=/admissions/apply-now.pcf, Number of Outlinks: 0
URL: https://www.mtsac.edu/about/why-mt-sac/compare-costs.html//app-na.readspeaker.com/cgi-bin/rsent?customerid=9690&lang=en_us&readid=mainContent, Number of Outlinks: 60
URL: https://www.mtsac.edu/about/why-mt-sac/compare-costs.html/maps/, Number of Outlinks: 60
URL: https://www.mtsac.edu/about/why-mt-sac/compare-costs.html/directory/, Number of Outlinks: 60
URL: https://www.mtsac.edu/about/why-mt-sac/compare-costs.html/it, Number of Outlinks: 60
URL: https://www.mtsac.edu/about/why-mt-sac/compare-costs.html/about/, Number of Outlinks: 60
URL: https://www.mtsac.edu/about/why-mt-sac/compare-costs.html/academics-and-training/, Number of Outlinks: 60
URL: https://www.mtsac.edu/about/why-mt-sac/compare-costs.html/admissions-and-aid/, Number of Outlinks: 60
URL: https://www.mtsac.edu/about/why-mt-sac/compare-costs.html/campus-life/, Number of Outlinks: 60
URL: https://www.mtsac.edu/about/why-mt-sac/compare-costs.html/health/index.html, Number of Outlinks: 60
URL: https://www.mtsac.edu/about/why-mt-sac/compare-costs.html/students/, Number of Outlinks: 60
URL: https://www.mtsac.edu/about/why-mt-sac/compare-costs.html/employees/, Number of Outlinks: 60
URL: https://www.mtsac.edu/about/why-mt-sac/compare-costs.html/alumni/, Number of Outlinks: 60
URL: https://www.mtsac.edu/about/why-mt-sac/compare-costs.html/community/, Number of Outlinks: 60
URL: https://www.mtsac.edu/about/why-mt-sac/compare-costs.html/about, Number of Outlinks: 0
URL: https://www.mtsac.edu/about/why-mt-sac/compare-costs.html/about/overview.html, Number of Outlinks: 60
URL: https://www.mtsac.edu/about/why-mt-sac/compare-costs.html/about/overview/facts-and-figures.html, Number of Outlinks: 60
URL: https://www.mtsac.edu/about/why-mt-sac/compare-costs.html/about/mission-and-goals.html, Number of Outlinks: 60
URL: https://www.mtsac.edu/about/why-mt-sac/compare-costs.html/about/overview/history.html, Number of Outlinks: 60
URL: https://www.mtsac.edu/about/why-mt-sac/compare-costs.html/about/why-mt-sac/compare-costs.html, Number of Outlinks: 60
URL: https://www.mtsac.edu/about/why-mt-sac/compare-costs.html/about/why-mt-sac/flexible-programs.html, Number of Outlinks: 60
URL: https://www.mtsac.edu/about/why-mt-sac/compare-costs.html/about/why-mt-sac/excellent-education.html, Number of Outlinks: 60
URL: https://www.mtsac.edu/about/why-mt-sac/compare-costs.html/about/why-mt-sac/student-support.html, Number of Outlinks: 60
URL: https://www.mtsac.edu/about/why-mt-sac/compare-costs.html/about/getting-around/index.html, Number of Outlinks: 60
URL: https://www.mtsac.edu/about/why-mt-sac/compare-costs.html/about/getting-around/location-and-directions.html, Number of Outlinks: 60
URL: https://www.mtsac.edu/about/why-mt-sac/compare-costs.html/about/getting-around/parking.html, Number of Outlinks: 60
URL: https://www.mtsac.edu/about/why-mt-sac/compare-costs.html/about/getting-around/bus-information.html, Number of Outlinks: 60
URL: https://www.mtsac.edu/about/why-mt-sac/compare-costs.html/about/getting-around/tours.html, Number of Outlinks: 60
URL: https://www.mtsac.edu/about/why-mt-sac/compare-costs.html/about/getting-around/dining.html, Number of Outlinks: 60
URL: https://www.mtsac.edu/about/why-mt-sac/compare-costs.html/bookstore/, Number of Outlinks: 60
URL: https://www.mtsac.edu/about/why-mt-sac/compare-costs.html/about/administration-and-governance/index.html, Number of Outlinks: 60
URL: https://www.mtsac.edu/about/why-mt-sac/compare-costs.html/about/news-and-events.html, Number of Outlinks: 60
URL: https://www.mtsac.edu/about/why-mt-sac/compare-costs.html/admissions/fees/index.html, Number of Outlinks: 60
URL: https://www.mtsac.edu/about/why-mt-sac/compare-costs.html/financialaid/index.html, Number of Outlinks: 60
URL: https://www.mtsac.edu/about/why-mt-sac/compare-costs.html/financialaid/types-of-aid/state-aid-programs.html, Number of Outlinks: 60
URL: https://www.mtsac.edu/about/why-mt-sac/compare-costs.html/scholarships/index.html, Number of Outlinks: 60
URL: https://www.mtsac.edu/about/why-mt-sac/compare-costs.html/promise/, Number of Outlinks: 60
URL: https://www.mtsac.edu/about/why-mt-sac/compare-costs.html/financialaid/npcalc.html, Number of Outlinks: 60
URL: https://www.mtsac.edu/about/why-mt-sac/compare-costs.html/financialaid/resources/npcalc.html, Number of Outlinks: 60
URL: https://www.mtsac.edu/about/why-mt-sac/compare-costs.html/admissions/, Number of Outlinks: 60
URL: https://www.mtsac.edu/about/why-mt-sac/compare-costs.html/assessment/, Number of Outlinks: 60
URL: https://www.mtsac.edu/about/why-mt-sac/compare-costs.html/counseling/, Number of Outlinks: 60
URL: https://www.mtsac.edu/about/why-mt-sac/compare-costs.html/financialaid/, Number of Outlinks: 60
URL: https://www.mtsac.edu/about/why-mt-sac/compare-costs.html/continuinged/, Number of Outlinks: 60
URL: https://www.mtsac.edu/about/why-mt-sac/compare-costs.html/catalog/, Number of Outlinks: 60
URL: https://www.mtsac.edu/about/why-mt-sac/compare-costs.html/calendar/, Number of Outlinks: 60
URL: https://www.mtsac.edu/about/why-mt-sac/compare-costs.html/library/, Number of Outlinks: 60
URL: https://www.mtsac.edu/about/why-mt-sac/compare-costs.html/schedule/, Number of Outlinks: 60
URL: https://www.mtsac.edu/about/why-mt-sac/compare-costs.html/about/why-mt-sac/, Number of Outlinks: 60
URL: https://www.mtsac.edu/about/why-mt-sac/compare-costs.html/safety/permits-parking.html, Number of Outlinks: 60
URL: https://www.mtsac.edu/about/why-mt-sac/compare-costs.html/planetarium/, Number of Outlinks: 60
URL: https://www.mtsac.edu/about/why-mt-sac/compare-costs.html/accreditation/, Number of Outlinks: 60
URL: https://www.mtsac.edu/about/why-mt-sac/compare-costs.html/accessibility/index.html, Number of Outlinks: 60
URL: https://www.mtsac.edu/about/why-mt-sac/compare-costs.html/construction/, Number of Outlinks: 60
URL: https://www.mtsac.edu/about/why-mt-sac/compare-costs.html/purchasing/index.html, Number of Outlinks: 60
URL: https://www.mtsac.edu/about/why-mt-sac/compare-costs.html/efmp/, Number of Outlinks: 60
URL: https://www.mtsac.edu/about/why-mt-sac/compare-costs.html/it/infosecurity/privacy.html, Number of Outlinks: 60
URL: https://www.mtsac.edu/about/why-mt-sac/compare-costs.html/atoz/, Number of Outlinks: 60
URL: https://www.mtsac.edu/about/why-mt-sac/compare-costs.html/about/overview/contacts.html, Number of Outlinks: 60
URL: https://www.mtsac.edu/about/why-mt-sac/compare-costs.html/safety/, Number of Outlinks: 60
URL: https://www.mtsac.edu/about/why-mt-sac/compare-costs.html/webfeedback, Number of Outlinks: 60
URL: https://a.cms.omniupdate.com/10?skin=oucampus&account=mtsac&site=Main&action=de&path=/about/why-mt-sac/compare-costs.pcf, Number of Outlinks: 0
URL: http://communityed.mtsac.edu/index.cfm?fuseaction=1010, Number of Outlinks: 6
URL: https://a.cms.omniupdate.com/11/?skin=oucampus&account=mtsac&site=Main&action=de&path=/admissions/steps-to-apply/index.pcf, Number of Outlinks: 0
URL: https://www.mtsac.edu/financialaid/about/, Number of Outlinks: 63
URL: http://mtsanantonio.financialaidtv.com/#playlist-1805:video-8, Number of Outlinks: 42
URL: https://esars2012.mtsac.edu/appointments/financialaid/eSARS.asp?WCI=Init&WCE=Settings, Number of Outlinks: 0
URL: http://www.mtsac.edu/heerf, Number of Outlinks: 52
URL: https://mtsac-edu.zoom.us/j/93699623513, Number of Outlinks: 0
URL: https://a.cms.omniupdate.com/11/?skin=oucampus&account=mtsac&site=Main&action=de&path=/financialaid/index.pcf, Number of Outlinks: 0
URL: https://a.cms.omniupdate.com/11/?skin=oucampus&account=mtsac&site=Main&action=de&path=/catalog/index.pcf, Number of Outlinks: 0
URL: http://globaldatebooksonline.com/flipbooks/sac/#p=17, Number of Outlinks: 0
URL: https://app.smartsheet.com/b/form/05c5576dc6864592bde8f1abe10593ef, Number of Outlinks: 0
URL: https://www.mtsac.edu/basic-needs/, Number of Outlinks: 58
URL: https://mtsac.instructure.com/courses/81763, Number of Outlinks: 4
URL: https://www.mtsac.edu/tutoringcenters/, Number of Outlinks: 61
URL: https://www.mtsac.edu/healthcenter/mindfulness, Number of Outlinks: 75
URL: https://www.mtsac.edu/access/, Number of Outlinks: 116
URL: http://www.mtsac.edu/admissions, Number of Outlinks: 60
URL: http://www.mtsac.edu/counseling, Number of Outlinks: 74
URL: http://www.mtsac.edu/financialaid, Number of Outlinks: 67
URL: https://prodssb.mtsac.edu/prod/pw_sigsched.p_oclsonly, Number of Outlinks: 0
URL: https://tinyurl.com/summer21mtsac, Number of Outlinks: 0
URL: https://nam12.safelinks.protection.outlook.com/?url=https%3A%2F%2Ftickets.mtsac.edu%2Fregistration%2FOnline%2F&data=04%7C01%7Cmbidart%40mtsac.edu%7C4a4f560035a34e10e43708d8b371014d%7Ccc4d4bf20a9e4240aedea7d1d688f935%7C0%7C0%7C637456645214019973%7CUnknown%7CTWFpbGZsb3d8eyJWIjoiMC4wLjAwMDAiLCJQIjoiV2luMzIiLCJBTiI6Ik1haWwiLCJXVCI6Mn0%3D%7C1000&sdata=s3hyMbMOPXKmMkVkF0FasWTykuKcqacr5qProQF9%2F8A%3D&reserved=0, Number of Outlinks: 1
URL: https://mtsac.lwcal.com/studentservices/#!view/month, Number of Outlinks: 16
URL: https://nam12.safelinks.protection.outlook.com/?url=https%3A%2F%2Fwww.mtsac.edu%2Ftransfer%2F&data=04%7C01%7Cmacero7%40mtsac.edu%7C90f7e23297fd4ed2170908d877823c03%7Ccc4d4bf20a9e4240aedea7d1d688f935%7C0%7C0%7C637390748530655079%7CUnknown%7CTWFpbGZsb3d8eyJWIjoiMC4wLjAwMDAiLCJQIjoiV2luMzIiLCJBTiI6Ik1haWwiLCJXVCI6Mn0%3D%7C1000&sdata=lQXWQSWMaFHiBu%2B%2Ffn1B1v%2FoR2cDE5YQcaGxVWIzQUY%3D&reserved=0, Number of Outlinks: 66
URL: https://www.mtsac.edu/studentservices/accreditation/, Number of Outlinks: 104
URL: https://a.cms.omniupdate.com/11/?skin=oucampus&account=mtsac&site=Main&action=de&path=/studentservices/index.pcf, Number of Outlinks: 0
URL: https://prodssb.mtsac.edu/prod/pw_sigsched.p_Search, Number of Outlinks: 0
URL: https://prodssb.mtsac.edu/prod/pw_sigsched.p_late_start_classes?term_in=202120&sub_in=, Number of Outlinks: 0
URL: https://nam12.safelinks.protection.outlook.com/?url=https%3A%2F%2Fprodssb.mtsac.edu%2Fprod%2Fpw_sigsched.p_late_start_online_classes%3Fterm_in%3D202120%26sub_in%3D%26div_in%3D&data=04%7C01%7Ceturner%40mtsac.edu%7Cc1faebece8e94f3e352308d97936b793%7Ccc4d4bf20a9e4240aedea7d1d688f935%7C0%7C0%7C637674098169866211%7CUnknown%7CTWFpbGZsb3d8eyJWIjoiMC4wLjAwMDAiLCJQIjoiV2luMzIiLCJBTiI6Ik1haWwiLCJXVCI6Mn0%3D%7C1000&sdata=GzIZQip1ffuTzZVRpOFHW4YS9A%2FLlvaC4qS1kdBzUE4%3D&reserved=0, Number of Outlinks: 0
URL: https://prodssb.mtsac.edu/prod/pw_sigsched.p_online_oclsonly?term_in=202120&div_in=, Number of Outlinks: 0
URL: https://prodssb.mtsac.edu/prod/pw_sigsched.p_online_oclsonly?term_in=201940&div_in=, Number of Outlinks: 0
URL: http://inside.mtsac.edu/, Number of Outlinks: 4
URL: https://a.cms.omniupdate.com/11/?skin=oucampus&account=mtsac&site=Main&action=de&path=/schedule/index.pcf, Number of Outlinks: 0
URL: https://a.cms.omniupdate.com/11/?skin=oucampus&account=mtsac&site=Main&action=de&path=/online/index.pcf, Number of Outlinks: 0
URL: http://mtsac.lwcal.com/#view/all//www.mtsac.edu, Number of Outlinks: 15
URL: http://mtsac.lwcal.com/#view/all//app-na.readspeaker.com/cgi-bin/rsent?customerid=9690&lang=en_us&readid=mainContent, Number of Outlinks: 15
URL: http://mtsac.lwcal.com/#view/all//www.mtsac.edu/maps/, Number of Outlinks: 15
URL: http://mtsac.lwcal.com/#view/all//www.mtsac.edu/directory/, Number of Outlinks: 15
URL: http://mtsac.lwcal.com/#view/all//www.mtsac.edu/it, Number of Outlinks: 15
URL: http://mtsac.lwcal.com/#view/all//www.mtsac.edu/about/, Number of Outlinks: 15
URL: http://mtsac.lwcal.com/#view/all//www.mtsac.edu/academics-and-training/, Number of Outlinks: 15
URL: http://mtsac.lwcal.com/#view/all//www.mtsac.edu/admissions-and-aid/, Number of Outlinks: 15
URL: http://mtsac.lwcal.com/#view/all//www.mtsac.edu/campus-life/, Number of Outlinks: 15
URL: http://mtsac.lwcal.com/#view/all//www.mtsac.edu/health/index.html, Number of Outlinks: 15
URL: http://mtsac.lwcal.com/#view/all//www.mtsac.edu/students/, Number of Outlinks: 15
URL: http://mtsac.lwcal.com/#view/all//www.mtsac.edu/employees/, Number of Outlinks: 15
URL: http://mtsac.lwcal.com/#view/all//www.mtsac.edu/alumni/, Number of Outlinks: 15
URL: http://mtsac.lwcal.com/#view/all//www.mtsac.edu/community/, Number of Outlinks: 15
URL: https://www.mtsac.edu/pod/calendar, Number of Outlinks: 0
URL: https://prodweb.mtsac.edu:4443/prodapex/f?p=203:30, Number of Outlinks: 0
URL: http://www.livewhale.com/calendar, Number of Outlinks: 9
URL: http://www.whitewhale.net, Number of Outlinks: 11
URL: http://mtsac.lwcal.com/#view/all//mtsac.lwcal.com/livewhale, Number of Outlinks: 16
URL: https://www.mtsac.edu/newsroom/news/posts/new_parking_ev.html//app-na.readspeaker.com/cgi-bin/rsent?customerid=9690&lang=en_us&readid=mainContent, Number of Outlinks: 45
URL: https://www.mtsac.edu/newsroom/news/posts/new_parking_ev.html/maps/, Number of Outlinks: 45
URL: https://www.mtsac.edu/newsroom/news/posts/new_parking_ev.html/directory/, Number of Outlinks: 45
URL: https://www.mtsac.edu/newsroom/news/posts/new_parking_ev.html/it, Number of Outlinks: 45
URL: https://www.mtsac.edu/newsroom/news/posts/new_parking_ev.html/about/, Number of Outlinks: 45
URL: https://www.mtsac.edu/newsroom/news/posts/new_parking_ev.html/academics-and-training/, Number of Outlinks: 45
URL: https://www.mtsac.edu/newsroom/news/posts/new_parking_ev.html/admissions-and-aid/, Number of Outlinks: 45
URL: https://www.mtsac.edu/newsroom/news/posts/new_parking_ev.html/campus-life/, Number of Outlinks: 45
URL: https://www.mtsac.edu/newsroom/news/posts/new_parking_ev.html/health/index.html, Number of Outlinks: 45
URL: https://www.mtsac.edu/newsroom/news/posts/new_parking_ev.html/students/, Number of Outlinks: 45
URL: https://www.mtsac.edu/newsroom/news/posts/new_parking_ev.html/employees/, Number of Outlinks: 45
URL: https://www.mtsac.edu/newsroom/news/posts/new_parking_ev.html/alumni/, Number of Outlinks: 45
URL: https://www.mtsac.edu/newsroom/news/posts/new_parking_ev.html/community/, Number of Outlinks: 45
URL: https://www.mtsac.edu/newsroom/news/posts/new_parking_ev.html/newsroom, Number of Outlinks: 45
URL: https://www.mtsac.edu/newsroom/news/posts/new_parking_ev.html/newsroom/news/, Number of Outlinks: 45
URL: https://www.mtsac.edu/newsroom/news/posts/new_parking_ev.html/newsroom/announcements/posts/index.html, Number of Outlinks: 45
URL: https://www.mtsac.edu/newsroom/news/posts/new_parking_ev.html/newsroom/featured-events.html, Number of Outlinks: 45
URL: https://www.mtsac.edu/newsroom/news/posts/new_parking_ev.html/newsroom/authors/, Number of Outlinks: 45
URL: https://www.mtsac.edu/newsroom/news/posts/new_parking_ev.html/marketing/contact.html, Number of Outlinks: 45
URL: https://www.mtsac.edu/newsroom/news/posts/new_parking_ev.html/newsroom/media.html, Number of Outlinks: 45
URL: https://www.mtsac.edu/newsroom/news/posts/new_parking_ev.html/newsroom/form-news-request.html, Number of Outlinks: 45
URL: https://www.mtsac.edu/newsroom/news/posts/new_parking_ev.html/marketing/, Number of Outlinks: 45
URL: https://www.mtsac.edu/newsroom/authors/robert_bledsoe.html, Number of Outlinks: 46
URL: https://www.mtsac.edu/newsroom/news/posts/new_parking_ev.html, Number of Outlinks: 0
URL: https://www.mtsac.edu/newsroom/news/posts/cafe91_reopens.html, Number of Outlinks: 50
URL: https://www.mtsac.edu/newsroom/news/posts/return_of_students_video.html, Number of Outlinks: 47
URL: https://www.mtsac.edu/newsroom/news/posts/2021-09-16-rethink-challenge.html, Number of Outlinks: 47
URL: https://www.mtsac.edu/newsroom/news/posts/covid_test_centers.html, Number of Outlinks: 49
URL: https://www.mtsac.edu/newsroom/news/posts/2021-09-09-cdc-food.html, Number of Outlinks: 47
URL: https://www.mtsac.edu/newsroom/news/posts/09-03-2021-debt-forgiven.html, Number of Outlinks: 47
URL: https://www.mtsac.edu/newsroom/news/posts/new_parking_ev.html/admissions/, Number of Outlinks: 45
URL: https://www.mtsac.edu/newsroom/news/posts/new_parking_ev.html/assessment/, Number of Outlinks: 45
URL: https://www.mtsac.edu/newsroom/news/posts/new_parking_ev.html/counseling/, Number of Outlinks: 45
URL: https://www.mtsac.edu/newsroom/news/posts/new_parking_ev.html/financialaid/, Number of Outlinks: 45
URL: https://www.mtsac.edu/newsroom/news/posts/new_parking_ev.html/continuinged/, Number of Outlinks: 45
URL: https://www.mtsac.edu/newsroom/news/posts/new_parking_ev.html/catalog/, Number of Outlinks: 45
URL: https://www.mtsac.edu/newsroom/news/posts/new_parking_ev.html/calendar/, Number of Outlinks: 45
URL: https://www.mtsac.edu/newsroom/news/posts/new_parking_ev.html/library/, Number of Outlinks: 45
URL: https://www.mtsac.edu/newsroom/news/posts/new_parking_ev.html/schedule/, Number of Outlinks: 45
URL: https://www.mtsac.edu/newsroom/news/posts/new_parking_ev.html/about/why-mt-sac/, Number of Outlinks: 45
URL: https://www.mtsac.edu/newsroom/news/posts/new_parking_ev.html/safety/permits-parking.html, Number of Outlinks: 45
URL: https://www.mtsac.edu/newsroom/news/posts/new_parking_ev.html/planetarium/, Number of Outlinks: 45
URL: https://www.mtsac.edu/newsroom/news/posts/new_parking_ev.html/about/getting-around/tours.html, Number of Outlinks: 45
URL: https://www.mtsac.edu/newsroom/news/posts/new_parking_ev.html/accreditation/, Number of Outlinks: 45
URL: https://www.mtsac.edu/newsroom/news/posts/new_parking_ev.html/accessibility/index.html, Number of Outlinks: 45
URL: https://www.mtsac.edu/newsroom/news/posts/new_parking_ev.html/construction/, Number of Outlinks: 45
URL: https://www.mtsac.edu/newsroom/news/posts/new_parking_ev.html/purchasing/index.html, Number of Outlinks: 45
URL: https://www.mtsac.edu/newsroom/news/posts/new_parking_ev.html/efmp/, Number of Outlinks: 45
URL: https://www.mtsac.edu/newsroom/news/posts/new_parking_ev.html/it/infosecurity/privacy.html, Number of Outlinks: 45
URL: https://www.mtsac.edu/newsroom/news/posts/new_parking_ev.html/atoz/, Number of Outlinks: 45
URL: https://www.mtsac.edu/newsroom/news/posts/new_parking_ev.html/about/overview/contacts.html, Number of Outlinks: 45
URL: https://www.mtsac.edu/newsroom/news/posts/new_parking_ev.html/safety/, Number of Outlinks: 45
URL: https://www.mtsac.edu/newsroom/news/posts/new_parking_ev.html/webfeedback, Number of Outlinks: 45
URL: https://a.cms.omniupdate.com/11/?skin=oucampus&account=mtsac&site=Main&action=de&path=/newsroom/news/posts/new_parking_ev.pcf, Number of Outlinks: 0
URL: https://www.mtsac.edu/newsroom/news/posts/75th_anniversary_video.html//app-na.readspeaker.com/cgi-bin/rsent?customerid=9690&lang=en_us&readid=mainContent, Number of Outlinks: 46
URL: https://www.mtsac.edu/newsroom/news/posts/75th_anniversary_video.html/maps/, Number of Outlinks: 46
URL: https://www.mtsac.edu/newsroom/news/posts/75th_anniversary_video.html/directory/, Number of Outlinks: 46
URL: https://www.mtsac.edu/newsroom/news/posts/75th_anniversary_video.html/it, Number of Outlinks: 46
URL: https://www.mtsac.edu/newsroom/news/posts/75th_anniversary_video.html/about/, Number of Outlinks: 46
URL: https://www.mtsac.edu/newsroom/news/posts/75th_anniversary_video.html/academics-and-training/, Number of Outlinks: 46
URL: https://www.mtsac.edu/newsroom/news/posts/75th_anniversary_video.html/admissions-and-aid/, Number of Outlinks: 46
URL: https://www.mtsac.edu/newsroom/news/posts/75th_anniversary_video.html/campus-life/, Number of Outlinks: 46
URL: https://www.mtsac.edu/newsroom/news/posts/75th_anniversary_video.html/health/index.html, Number of Outlinks: 46
URL: https://www.mtsac.edu/newsroom/news/posts/75th_anniversary_video.html/students/, Number of Outlinks: 46
URL: https://www.mtsac.edu/newsroom/news/posts/75th_anniversary_video.html/employees/, Number of Outlinks: 46
URL: https://www.mtsac.edu/newsroom/news/posts/75th_anniversary_video.html/alumni/, Number of Outlinks: 46
URL: https://www.mtsac.edu/newsroom/news/posts/75th_anniversary_video.html/community/, Number of Outlinks: 46
URL: https://www.mtsac.edu/newsroom/news/posts/75th_anniversary_video.html/newsroom, Number of Outlinks: 46
URL: https://www.mtsac.edu/newsroom/news/posts/75th_anniversary_video.html/newsroom/news/, Number of Outlinks: 46
URL: https://www.mtsac.edu/newsroom/news/posts/75th_anniversary_video.html/newsroom/announcements/posts/index.html, Number of Outlinks: 46
URL: https://www.mtsac.edu/newsroom/news/posts/75th_anniversary_video.html/newsroom/featured-events.html, Number of Outlinks: 46
URL: https://www.mtsac.edu/newsroom/news/posts/75th_anniversary_video.html/newsroom/authors/, Number of Outlinks: 46
URL: https://www.mtsac.edu/newsroom/news/posts/75th_anniversary_video.html/marketing/contact.html, Number of Outlinks: 46
URL: https://www.mtsac.edu/newsroom/news/posts/75th_anniversary_video.html/newsroom/media.html, Number of Outlinks: 46
URL: https://www.mtsac.edu/newsroom/news/posts/75th_anniversary_video.html/newsroom/form-news-request.html, Number of Outlinks: 46
URL: https://www.mtsac.edu/newsroom/news/posts/75th_anniversary_video.html/marketing/, Number of Outlinks: 46
URL: https://www.mtsac.edu/newsroom/news/posts/75th_anniversary_video.html/75/, Number of Outlinks: 46
URL: https://www.mtsac.edu/newsroom/news/posts/75th_anniversary_video.html, Number of Outlinks: 0
URL: https://www.mtsac.edu/newsroom/news/posts/75th_anniversary_video.html/admissions/, Number of Outlinks: 46
URL: https://www.mtsac.edu/newsroom/news/posts/75th_anniversary_video.html/assessment/, Number of Outlinks: 46
URL: https://www.mtsac.edu/newsroom/news/posts/75th_anniversary_video.html/counseling/, Number of Outlinks: 46
URL: https://www.mtsac.edu/newsroom/news/posts/75th_anniversary_video.html/financialaid/, Number of Outlinks: 46
URL: https://www.mtsac.edu/newsroom/news/posts/75th_anniversary_video.html/continuinged/, Number of Outlinks: 46
URL: https://www.mtsac.edu/newsroom/news/posts/75th_anniversary_video.html/catalog/, Number of Outlinks: 46
URL: https://www.mtsac.edu/newsroom/news/posts/75th_anniversary_video.html/calendar/, Number of Outlinks: 46
URL: https://www.mtsac.edu/newsroom/news/posts/75th_anniversary_video.html/library/, Number of Outlinks: 46
URL: https://www.mtsac.edu/newsroom/news/posts/75th_anniversary_video.html/schedule/, Number of Outlinks: 46
URL: https://www.mtsac.edu/newsroom/news/posts/75th_anniversary_video.html/about/why-mt-sac/, Number of Outlinks: 46
URL: https://www.mtsac.edu/newsroom/news/posts/75th_anniversary_video.html/safety/permits-parking.html, Number of Outlinks: 46
URL: https://www.mtsac.edu/newsroom/news/posts/75th_anniversary_video.html/planetarium/, Number of Outlinks: 46
URL: https://www.mtsac.edu/newsroom/news/posts/75th_anniversary_video.html/about/getting-around/tours.html, Number of Outlinks: 46
URL: https://www.mtsac.edu/newsroom/news/posts/75th_anniversary_video.html/accreditation/, Number of Outlinks: 46
URL: https://www.mtsac.edu/newsroom/news/posts/75th_anniversary_video.html/accessibility/index.html, Number of Outlinks: 46
URL: https://www.mtsac.edu/newsroom/news/posts/75th_anniversary_video.html/construction/, Number of Outlinks: 46
URL: https://www.mtsac.edu/newsroom/news/posts/75th_anniversary_video.html/purchasing/index.html, Number of Outlinks: 46
URL: https://www.mtsac.edu/newsroom/news/posts/75th_anniversary_video.html/efmp/, Number of Outlinks: 46
URL: https://www.mtsac.edu/newsroom/news/posts/75th_anniversary_video.html/it/infosecurity/privacy.html, Number of Outlinks: 46
URL: https://www.mtsac.edu/newsroom/news/posts/75th_anniversary_video.html/atoz/, Number of Outlinks: 46
URL: https://www.mtsac.edu/newsroom/news/posts/75th_anniversary_video.html/about/overview/contacts.html, Number of Outlinks: 46
URL: https://www.mtsac.edu/newsroom/news/posts/75th_anniversary_video.html/safety/, Number of Outlinks: 46
URL: https://www.mtsac.edu/newsroom/news/posts/75th_anniversary_video.html/webfeedback, Number of Outlinks: 46
URL: https://a.cms.omniupdate.com/11/?skin=oucampus&account=mtsac&site=Main&action=de&path=/newsroom/news/posts/75th_anniversary_video.pcf, Number of Outlinks: 0
URL: https://www.mtsac.edu/newsroom/news/posts/international_students_in_pandemic.html//app-na.readspeaker.com/cgi-bin/rsent?customerid=9690&lang=en_us&readid=mainContent, Number of Outlinks: 46
URL: https://www.mtsac.edu/newsroom/news/posts/international_students_in_pandemic.html/maps/, Number of Outlinks: 46
URL: https://www.mtsac.edu/newsroom/news/posts/international_students_in_pandemic.html/directory/, Number of Outlinks: 46
URL: https://www.mtsac.edu/newsroom/news/posts/international_students_in_pandemic.html/it, Number of Outlinks: 46
URL: https://www.mtsac.edu/newsroom/news/posts/international_students_in_pandemic.html/about/, Number of Outlinks: 46
URL: https://www.mtsac.edu/newsroom/news/posts/international_students_in_pandemic.html/academics-and-training/, Number of Outlinks: 46
URL: https://www.mtsac.edu/newsroom/news/posts/international_students_in_pandemic.html/admissions-and-aid/, Number of Outlinks: 46
URL: https://www.mtsac.edu/newsroom/news/posts/international_students_in_pandemic.html/campus-life/, Number of Outlinks: 46
URL: https://www.mtsac.edu/newsroom/news/posts/international_students_in_pandemic.html/health/index.html, Number of Outlinks: 46
URL: https://www.mtsac.edu/newsroom/news/posts/international_students_in_pandemic.html/students/, Number of Outlinks: 46
URL: https://www.mtsac.edu/newsroom/news/posts/international_students_in_pandemic.html/employees/, Number of Outlinks: 46
URL: https://www.mtsac.edu/newsroom/news/posts/international_students_in_pandemic.html/alumni/, Number of Outlinks: 46
URL: https://www.mtsac.edu/newsroom/news/posts/international_students_in_pandemic.html/community/, Number of Outlinks: 46
URL: https://www.mtsac.edu/newsroom/news/posts/international_students_in_pandemic.html/newsroom, Number of Outlinks: 46
URL: https://www.mtsac.edu/newsroom/news/posts/international_students_in_pandemic.html/newsroom/news/, Number of Outlinks: 46
URL: https://www.mtsac.edu/newsroom/news/posts/international_students_in_pandemic.html/newsroom/announcements/posts/index.html, Number of Outlinks: 46
URL: https://www.mtsac.edu/newsroom/news/posts/international_students_in_pandemic.html/newsroom/featured-events.html, Number of Outlinks: 46
URL: https://www.mtsac.edu/newsroom/news/posts/international_students_in_pandemic.html/newsroom/authors/, Number of Outlinks: 46
URL: https://www.mtsac.edu/newsroom/news/posts/international_students_in_pandemic.html/marketing/contact.html, Number of Outlinks: 46
URL: https://www.mtsac.edu/newsroom/news/posts/international_students_in_pandemic.html/newsroom/media.html, Number of Outlinks: 46
URL: https://www.mtsac.edu/newsroom/news/posts/international_students_in_pandemic.html/newsroom/form-news-request.html, Number of Outlinks: 46
URL: https://www.mtsac.edu/newsroom/news/posts/international_students_in_pandemic.html/marketing/, Number of Outlinks: 46
URL: https://www.mtsac.edu/newsroom/news/posts/international_students_in_pandemic.html/international/, Number of Outlinks: 46
URL: https://www.mtsac.edu/newsroom/news/posts/international_students_in_pandemic.html, Number of Outlinks: 0
URL: https://www.mtsac.edu/newsroom/news/posts/international_students_in_pandemic.html/admissions/, Number of Outlinks: 46
URL: https://www.mtsac.edu/newsroom/news/posts/international_students_in_pandemic.html/assessment/, Number of Outlinks: 46
URL: https://www.mtsac.edu/newsroom/news/posts/international_students_in_pandemic.html/counseling/, Number of Outlinks: 46
URL: https://www.mtsac.edu/newsroom/news/posts/international_students_in_pandemic.html/financialaid/, Number of Outlinks: 46
URL: https://www.mtsac.edu/newsroom/news/posts/international_students_in_pandemic.html/continuinged/, Number of Outlinks: 46
URL: https://www.mtsac.edu/newsroom/news/posts/international_students_in_pandemic.html/catalog/, Number of Outlinks: 46
URL: https://www.mtsac.edu/newsroom/news/posts/international_students_in_pandemic.html/calendar/, Number of Outlinks: 46
URL: https://www.mtsac.edu/newsroom/news/posts/international_students_in_pandemic.html/library/, Number of Outlinks: 46
URL: https://www.mtsac.edu/newsroom/news/posts/international_students_in_pandemic.html/schedule/, Number of Outlinks: 46
URL: https://www.mtsac.edu/newsroom/news/posts/international_students_in_pandemic.html/about/why-mt-sac/, Number of Outlinks: 46
