URL: https://www.usal.es/, Number of Outlinks: 116
URL: https://www.usal.es/ven-a-la-usal, Number of Outlinks: 68
URL: https://www.usal.es/grados, Number of Outlinks: 71
URL: https://www.usal.es/masteres, Number of Outlinks: 69
URL: http://doctorado.usal.es/es/doctorados, Number of Outlinks: 81
URL: https://www.usal.es/calendario-academico-usal, Number of Outlinks: 66
URL: https://www.usal.es/cursos-especializacion, Number of Outlinks: 64
URL: https://www.usal.es/cursos-espanol-extranjeros, Number of Outlinks: 66
URL: https://www.usal.es/cursos-idiomas, Number of Outlinks: 64
URL: https://www.usal.es/universidad-experiencia, Number of Outlinks: 64
URL: https://www.usal.es/becas-ayudas, Number of Outlinks: 64
URL: https://www.usal.es/colegios-residencias-comedores, Number of Outlinks: 69
URL: https://www.usal.es/atencion-social, Number of Outlinks: 65
URL: https://www.usal.es/actividades-culturales, Number of Outlinks: 66
URL: https://www.usal.es/actividades-deportivas, Number of Outlinks: 64
URL: https://www.usal.es/bibliotecas, Number of Outlinks: 65
URL: https://www.usal.es/laboratorios-docentes, Number of Outlinks: 64
URL: https://www.usal.es/aulas-informatica, Number of Outlinks: 64
URL: https://www.usal.es/movilidad, Number of Outlinks: 69
URL: https://www.usal.es/practicas-externas-empleo, Number of Outlinks: 64
URL: https://www.usal.es/informacion-orientacion, Number of Outlinks: 63
URL: https://www.usal.es/institutos-universitarios-investigacion, Number of Outlinks: 63
URL: https://www.usal.es/gir, Number of Outlinks: 64
URL: https://nucleus.usal.es/, Number of Outlinks: 63
URL: https://www.usal.es/parque-cientifico, Number of Outlinks: 64
URL: https://www.usal.es/agi, Number of Outlinks: 64
URL: https://www.usal.es/otri, Number of Outlinks: 65
URL: https://www.usal.es/contratacion-investigadores, Number of Outlinks: 63
URL: https://www.usal.es/acuerdos-investigacion, Number of Outlinks: 65
URL: https://www.usal.es/estrategias-investigacion, Number of Outlinks: 65
URL: https://www.usal.es/catalogo-recursos-bibliograficos, Number of Outlinks: 64
URL: https://www.usal.es/publicaciones-ediciones, Number of Outlinks: 64
URL: https://www.usal.es/horizon2020, Number of Outlinks: 64
URL: http://culturacientifica.usal.es/, Number of Outlinks: 36
URL: https://www.usal.es/historia, Number of Outlinks: 63
URL: https://www.usal.es/plan-estrategico-2020-2023, Number of Outlinks: 67
URL: https://www.usal.es/visita-virtual, Number of Outlinks: 63
URL: http://museo.usal.es/, Number of Outlinks: 8
URL: https://www.usal.es/mapas-campus, Number of Outlinks: 64
URL: https://www.usal.es/plan-estrategico-general-2013-2018-e-indicadores-institucionales, Number of Outlinks: 66
URL: https://www.usal.es/servicios-campus, Number of Outlinks: 66
URL: https://www.usal.es/cultura-deporte, Number of Outlinks: 65
URL: https://www.usal.es/implicate-participa, Number of Outlinks: 67
URL: https://www.usal.es/hoy-en-la-usal, Number of Outlinks: 64
URL: https://www.usal.es/equipo-gobierno, Number of Outlinks: 75
URL: https://www.usal.es/organos-gobierno, Number of Outlinks: 67
URL: https://www.usal.es/organos-tutela-derechos, Number of Outlinks: 65
URL: https://www.usal.es/organos-de-representacion-de-la-comunidad-universitaria, Number of Outlinks: 73
URL: https://www.usal.es/juntaelectoral, Number of Outlinks: 16
URL: https://www.usal.es/fundacion-general, Number of Outlinks: 64
URL: https://www.usal.es/mercatus, Number of Outlinks: 64
URL: https://www.usal.es/franquicias, Number of Outlinks: 64
URL: https://www.usal.es/cursos-internacionales, Number of Outlinks: 64
URL: https://www.usal.es/facultades-escuelas, Number of Outlinks: 89
URL: http://doctorado.usal.es/, Number of Outlinks: 32
URL: https://www.usal.es/institutos-investigacion, Number of Outlinks: 77
URL: https://www.usal.es/departamentos, Number of Outlinks: 123
URL: https://www.usal.es/centros-propios, Number of Outlinks: 75
URL: http://formacionpermanente.usal.es, Number of Outlinks: 12
URL: https://www.usal.es/servicios-de-asistencia-a-la-comunidad-universitaria, Number of Outlinks: 71
URL: https://www.usal.es/servicios-de-apoyo-a-la-investigacion, Number of Outlinks: 74
URL: https://www.usal.es/servicios-de-colaboracion-con-la-sociedad, Number of Outlinks: 70
URL: https://www.usal.es/servicios-centrales-de-gestion-de-la-universidad, Number of Outlinks: 74
URL: https://www.usal.es/estudiantes, Number of Outlinks: 86
URL: https://www.usal.es/personal-docente-e-investigador, Number of Outlinks: 76
URL: https://www.usal.es/personal-de-administracion-y-servicios-0, Number of Outlinks: 77
URL: https://sicpd.usal.es/go/identidad-usal, Number of Outlinks: 39
URL: http://gmail.usal.es, Number of Outlinks: 7
URL: http://studium.usal.es, Number of Outlinks: 17
URL: https://portal.usal.es, Number of Outlinks: 0
URL: https://www.usal.es/uso-de-los-espacios-y-bienes-patrimoniales-de-la-universidad-de-salamanca, Number of Outlinks: 63
URL: https://www.usal.es/mic, Number of Outlinks: 67
URL: https://bibliotecas.usal.es, Number of Outlinks: 49
URL: https://directorio.usal.es/, Number of Outlinks: 2
URL: https://sede.usal.es/web/guest/tablon, Number of Outlinks: 38
URL: https://www.usal.es/lucha-contra-fraude, Number of Outlinks: 67
URL: https://frontend.usal.es/sugerenciasquejas/, Number of Outlinks: 1
URL: https://transparencia.usal.es, Number of Outlinks: 21
URL: https://saladeprensa.usal.es/, Number of Outlinks: 45
URL: https://www.usal.es/home-apertura, Number of Outlinks: 72
URL: https://saladeprensa.usal.es/node/128613, Number of Outlinks: 20
URL: https://saladeprensa.usal.es/node/128558, Number of Outlinks: 21
URL: https://saladeprensa.usal.es/node/128584, Number of Outlinks: 20
URL: https://saladeprensa.usal.es/node/128578, Number of Outlinks: 19
URL: https://saladeprensa.usal.es/node/128575, Number of Outlinks: 20
URL: https://www.usal.es/matricula-y-automatricula, Number of Outlinks: 6
URL: https://spio.usal.es/index.php?option=com_content&view=article&id=1513&Itemid=101&lang=es, Number of Outlinks: 74
URL: https://www.usal.es/preinscripcion-masteres, Number of Outlinks: 15
URL: https://transferencia.usal.es/convocatoria-de-ayudas-para-la-recualificacion-del-sistema-universitario-espanol-para-2021-2023-2/, Number of Outlinks: 75
URL: https://usal.es/emision-carne-universitario, Number of Outlinks: 71
URL: https://www.usal.es/presencialidad-segura%20, Number of Outlinks: 75
URL: https://saladeprensa.usal.es/node/128585, Number of Outlinks: 19
URL: https://saladeprensa.usal.es/node/128614, Number of Outlinks: 19
URL: https://www.usal.es/agenda-rector, Number of Outlinks: 63
URL: https://www.usal.es/node/100860, Number of Outlinks: 65
URL: http://www.universia.es/index.htm, Number of Outlinks: 4
URL: https://investigacion.usal.es/es/estrategias-investigacion, Number of Outlinks: 46
URL: https://www.usal.es/alumni-antiguos-alumnos, Number of Outlinks: 65
URL: http://www.usal.es/contacto, Number of Outlinks: 65
URL: https://www.usal.es/aviso-legal, Number of Outlinks: 65
URL: https://www.usal.es/ven-a-la-usal/ven-a-la-usal, Number of Outlinks: 64
URL: https://www.usal.es/ven-a-la-usal/grados, Number of Outlinks: 64
URL: https://www.usal.es/ven-a-la-usal/masteres, Number of Outlinks: 64
URL: https://www.usal.es/ven-a-la-usal/titulos-propios, Number of Outlinks: 64
URL: https://www.usal.es/ven-a-la-usal/cursos-especializacion, Number of Outlinks: 64
URL: https://www.usal.es/ven-a-la-usal/cursos-espanol-extranjeros, Number of Outlinks: 64
URL: https://www.usal.es/ven-a-la-usal/cursos-idiomas, Number of Outlinks: 64
URL: https://www.usal.es/ven-a-la-usal/universidad-experiencia, Number of Outlinks: 64
URL: https://www.usal.es/ven-a-la-usal/becas-ayudas, Number of Outlinks: 64
URL: https://www.usal.es/ven-a-la-usal/colegios-residencias-comedores, Number of Outlinks: 64
URL: https://www.usal.es/ven-a-la-usal/atencion-social, Number of Outlinks: 64
URL: https://www.usal.es/ven-a-la-usal/actividades-culturales, Number of Outlinks: 64
URL: https://www.usal.es/ven-a-la-usal/actividades-deportivas, Number of Outlinks: 64
URL: https://www.usal.es/ven-a-la-usal/bibliotecas, Number of Outlinks: 64
URL: https://www.usal.es/ven-a-la-usal/laboratorios-docentes, Number of Outlinks: 64
URL: https://www.usal.es/ven-a-la-usal/aulas-informatica, Number of Outlinks: 64
URL: https://www.usal.es/ven-a-la-usal/movilidad, Number of Outlinks: 64
URL: https://www.usal.es/ven-a-la-usal/practicas-externas-empleo, Number of Outlinks: 64
URL: https://www.usal.es/ven-a-la-usal/informacion-orientacion, Number of Outlinks: 64
URL: https://www.usal.es/ven-a-la-usal/institutos-universitarios-investigacion, Number of Outlinks: 64
URL: https://www.usal.es/ven-a-la-usal/gir, Number of Outlinks: 64
URL: https://www.usal.es/ven-a-la-usal/parque-cientifico, Number of Outlinks: 64
URL: https://www.usal.es/ven-a-la-usal/agi, Number of Outlinks: 64
URL: https://www.usal.es/ven-a-la-usal/otri, Number of Outlinks: 64
URL: https://www.usal.es/ven-a-la-usal/contratacion-investigadores, Number of Outlinks: 64
URL: https://www.usal.es/ven-a-la-usal/acuerdos-investigacion, Number of Outlinks: 64
URL: https://www.usal.es/ven-a-la-usal/estrategias-investigacion, Number of Outlinks: 64
URL: https://www.usal.es/ven-a-la-usal/catalogo-recursos-bibliograficos, Number of Outlinks: 64
URL: https://www.usal.es/ven-a-la-usal/publicaciones-ediciones, Number of Outlinks: 64
URL: https://www.usal.es/ven-a-la-usal/horizon2020, Number of Outlinks: 64
URL: https://www.usal.es/ven-a-la-usal/historia, Number of Outlinks: 64
URL: https://www.usal.es/ven-a-la-usal/plan-estrategico-2020-2023, Number of Outlinks: 64
URL: https://www.usal.es/ven-a-la-usal/visita-virtual, Number of Outlinks: 64
URL: https://www.usal.es/ven-a-la-usal/mapas-campus, Number of Outlinks: 64
URL: https://www.usal.es/ven-a-la-usal/plan-estrategico-general-2013-2018-e-indicadores-institucionales, Number of Outlinks: 64
URL: https://www.usal.es/ven-a-la-usal/servicios-campus, Number of Outlinks: 64
URL: https://www.usal.es/ven-a-la-usal/cultura-deporte, Number of Outlinks: 64
URL: https://www.usal.es/ven-a-la-usal/implicate-participa, Number of Outlinks: 64
URL: https://www.usal.es/ven-a-la-usal/hoy-en-la-usal, Number of Outlinks: 64
URL: https://www.usal.es/ven-a-la-usal/equipo-gobierno, Number of Outlinks: 64
URL: https://www.usal.es/ven-a-la-usal/organos-gobierno, Number of Outlinks: 64
URL: https://www.usal.es/ven-a-la-usal/organos-tutela-derechos, Number of Outlinks: 64
URL: https://www.usal.es/ven-a-la-usal/organos-de-representacion-de-la-comunidad-universitaria, Number of Outlinks: 64
URL: https://www.usal.es/ven-a-la-usal/juntaelectoral, Number of Outlinks: 64
URL: https://www.usal.es/ven-a-la-usal/fundacion-general, Number of Outlinks: 64
URL: https://www.usal.es/ven-a-la-usal/mercatus, Number of Outlinks: 64
URL: https://www.usal.es/ven-a-la-usal/franquicias, Number of Outlinks: 64
URL: https://www.usal.es/ven-a-la-usal/cursos-internacionales, Number of Outlinks: 64
URL: https://www.usal.es/ven-a-la-usal/facultades-escuelas, Number of Outlinks: 64
URL: https://www.usal.es/ven-a-la-usal/institutos-investigacion, Number of Outlinks: 64
URL: https://www.usal.es/ven-a-la-usal/departamentos, Number of Outlinks: 64
URL: https://www.usal.es/ven-a-la-usal/centros-propios, Number of Outlinks: 64
URL: https://www.usal.es/ven-a-la-usal/servicios-de-asistencia-a-la-comunidad-universitaria, Number of Outlinks: 64
URL: https://www.usal.es/ven-a-la-usal/servicios-de-apoyo-a-la-investigacion, Number of Outlinks: 64
URL: https://www.usal.es/ven-a-la-usal/servicios-de-colaboracion-con-la-sociedad, Number of Outlinks: 64
URL: https://www.usal.es/ven-a-la-usal/servicios-centrales-de-gestion-de-la-universidad, Number of Outlinks: 64
URL: https://www.usal.es/ven-a-la-usal/estudiantes, Number of Outlinks: 64
URL: https://www.usal.es/ven-a-la-usal/personal-docente-e-investigador, Number of Outlinks: 64
URL: https://www.usal.es/ven-a-la-usal/personal-de-administracion-y-servicios-0, Number of Outlinks: 64
URL: https://www.usal.es/ven-a-la-usal/uso-de-los-espacios-y-bienes-patrimoniales-de-la-universidad-de-salamanca, Number of Outlinks: 64
URL: https://www.usal.es/ven-a-la-usal/usal_normativa_repositorio, Number of Outlinks: 64
URL: https://www.usal.es/ven-a-la-usal/lucha-contra-fraude, Number of Outlinks: 64
URL: https://www.usal.es/acceso-grados, Number of Outlinks: 12
URL: https://www.usal.es/ven-a-la-usal/preinscripcion-masteres, Number of Outlinks: 64
URL: https://www.usal.es/plazos-de-preinscripcion-admision-y-matricula-curso-academico-20212022, Number of Outlinks: 3
URL: http://campus.usal.es/~becas/, Number of Outlinks: 8
URL: https://doctorado.usal.es/es/doctorados, Number of Outlinks: 69
URL: https://www.usal.es/grados/ven-a-la-usal, Number of Outlinks: 63
URL: https://www.usal.es/grados/grados, Number of Outlinks: 63
URL: https://www.usal.es/grados/masteres, Number of Outlinks: 63
URL: https://www.usal.es/grados/titulos-propios, Number of Outlinks: 63
URL: https://www.usal.es/grados/cursos-especializacion, Number of Outlinks: 63
URL: https://www.usal.es/grados/cursos-espanol-extranjeros, Number of Outlinks: 63
URL: https://www.usal.es/grados/cursos-idiomas, Number of Outlinks: 63
URL: https://www.usal.es/grados/universidad-experiencia, Number of Outlinks: 63
URL: https://www.usal.es/grados/becas-ayudas, Number of Outlinks: 63
URL: https://www.usal.es/grados/colegios-residencias-comedores, Number of Outlinks: 63
URL: https://www.usal.es/grados/atencion-social, Number of Outlinks: 63
URL: https://www.usal.es/grados/actividades-culturales, Number of Outlinks: 63
URL: https://www.usal.es/grados/actividades-deportivas, Number of Outlinks: 63
URL: https://www.usal.es/grados/bibliotecas, Number of Outlinks: 63
URL: https://www.usal.es/grados/laboratorios-docentes, Number of Outlinks: 63
URL: https://www.usal.es/grados/aulas-informatica, Number of Outlinks: 63
URL: https://www.usal.es/grados/movilidad, Number of Outlinks: 63
URL: https://www.usal.es/grados/practicas-externas-empleo, Number of Outlinks: 63
URL: https://www.usal.es/grados/informacion-orientacion, Number of Outlinks: 63
URL: https://www.usal.es/grados/institutos-universitarios-investigacion, Number of Outlinks: 63
URL: https://www.usal.es/grados/gir, Number of Outlinks: 63
URL: https://www.usal.es/grados/parque-cientifico, Number of Outlinks: 63
URL: https://www.usal.es/grados/agi, Number of Outlinks: 63
URL: https://www.usal.es/grados/otri, Number of Outlinks: 63
URL: https://www.usal.es/grados/contratacion-investigadores, Number of Outlinks: 63
URL: https://www.usal.es/grados/acuerdos-investigacion, Number of Outlinks: 63
URL: https://www.usal.es/grados/estrategias-investigacion, Number of Outlinks: 63
URL: https://www.usal.es/grados/catalogo-recursos-bibliograficos, Number of Outlinks: 63
URL: https://www.usal.es/grados/publicaciones-ediciones, Number of Outlinks: 63
URL: https://www.usal.es/grados/horizon2020, Number of Outlinks: 63
URL: https://www.usal.es/grados/historia, Number of Outlinks: 63
URL: https://www.usal.es/grados/plan-estrategico-2020-2023, Number of Outlinks: 63
URL: https://www.usal.es/grados/visita-virtual, Number of Outlinks: 63
URL: https://www.usal.es/grados/mapas-campus, Number of Outlinks: 63
URL: https://www.usal.es/grados/plan-estrategico-general-2013-2018-e-indicadores-institucionales, Number of Outlinks: 63
URL: https://www.usal.es/grados/servicios-campus, Number of Outlinks: 63
URL: https://www.usal.es/grados/cultura-deporte, Number of Outlinks: 63
URL: https://www.usal.es/grados/implicate-participa, Number of Outlinks: 63
URL: https://www.usal.es/grados/hoy-en-la-usal, Number of Outlinks: 63
URL: https://www.usal.es/grados/equipo-gobierno, Number of Outlinks: 63
URL: https://www.usal.es/grados/organos-gobierno, Number of Outlinks: 63
URL: https://www.usal.es/grados/organos-tutela-derechos, Number of Outlinks: 63
URL: https://www.usal.es/grados/organos-de-representacion-de-la-comunidad-universitaria, Number of Outlinks: 63
URL: https://www.usal.es/grados/juntaelectoral, Number of Outlinks: 63
URL: https://www.usal.es/grados/fundacion-general, Number of Outlinks: 63
URL: https://www.usal.es/grados/mercatus, Number of Outlinks: 63
URL: https://www.usal.es/grados/franquicias, Number of Outlinks: 63
URL: https://www.usal.es/grados/cursos-internacionales, Number of Outlinks: 63
URL: https://www.usal.es/grados/facultades-escuelas, Number of Outlinks: 63
URL: https://www.usal.es/grados/institutos-investigacion, Number of Outlinks: 63
URL: https://www.usal.es/grados/departamentos, Number of Outlinks: 63
URL: https://www.usal.es/grados/centros-propios, Number of Outlinks: 63
URL: https://www.usal.es/grados/servicios-de-asistencia-a-la-comunidad-universitaria, Number of Outlinks: 63
URL: https://www.usal.es/grados/servicios-de-apoyo-a-la-investigacion, Number of Outlinks: 63
URL: https://www.usal.es/grados/servicios-de-colaboracion-con-la-sociedad, Number of Outlinks: 63
URL: https://www.usal.es/grados/servicios-centrales-de-gestion-de-la-universidad, Number of Outlinks: 63
URL: https://www.usal.es/grados/estudiantes, Number of Outlinks: 63
URL: https://www.usal.es/grados/personal-docente-e-investigador, Number of Outlinks: 63
URL: https://www.usal.es/grados/personal-de-administracion-y-servicios-0, Number of Outlinks: 63
URL: https://www.usal.es/grados/uso-de-los-espacios-y-bienes-patrimoniales-de-la-universidad-de-salamanca, Number of Outlinks: 63
URL: https://www.usal.es/grados/usal_normativa_repositorio, Number of Outlinks: 63
URL: https://www.usal.es/grados/lucha-contra-fraude, Number of Outlinks: 63
URL: https://www.usal.es/grados?field_rama_conocimiento_tid=All#filtro-grados, Number of Outlinks: 169
URL: https://www.usal.es/preinscripcion, Number of Outlinks: 13
URL: https://www.usal.es/grados?field_rama_conocimiento_tid=All, Number of Outlinks: 169
URL: https://www.usal.es/grados?field_rama_conocimiento_tid=18501, Number of Outlinks: 84
URL: https://www.usal.es/grados?field_rama_conocimiento_tid=18502, Number of Outlinks: 73
URL: https://www.usal.es/grados?field_rama_conocimiento_tid=18503, Number of Outlinks: 75
URL: https://www.usal.es/grados?field_rama_conocimiento_tid=18504, Number of Outlinks: 102
URL: https://www.usal.es/grados?field_rama_conocimiento_tid=18505, Number of Outlinks: 91
URL: https://www.usal.es/masteres/ven-a-la-usal, Number of Outlinks: 63
URL: https://www.usal.es/masteres/grados, Number of Outlinks: 63
URL: https://www.usal.es/masteres/masteres, Number of Outlinks: 63
URL: https://www.usal.es/masteres/titulos-propios, Number of Outlinks: 63
URL: https://www.usal.es/masteres/cursos-especializacion, Number of Outlinks: 63
URL: https://www.usal.es/masteres/cursos-espanol-extranjeros, Number of Outlinks: 63
URL: https://www.usal.es/masteres/cursos-idiomas, Number of Outlinks: 63
URL: https://www.usal.es/masteres/universidad-experiencia, Number of Outlinks: 63
URL: https://www.usal.es/masteres/becas-ayudas, Number of Outlinks: 63
URL: https://www.usal.es/masteres/colegios-residencias-comedores, Number of Outlinks: 63
URL: https://www.usal.es/masteres/atencion-social, Number of Outlinks: 63
URL: https://www.usal.es/masteres/actividades-culturales, Number of Outlinks: 63
URL: https://www.usal.es/masteres/actividades-deportivas, Number of Outlinks: 63
URL: https://www.usal.es/masteres/bibliotecas, Number of Outlinks: 63
URL: https://www.usal.es/masteres/laboratorios-docentes, Number of Outlinks: 63
URL: https://www.usal.es/masteres/aulas-informatica, Number of Outlinks: 63
URL: https://www.usal.es/masteres/movilidad, Number of Outlinks: 63
URL: https://www.usal.es/masteres/practicas-externas-empleo, Number of Outlinks: 63
URL: https://www.usal.es/masteres/informacion-orientacion, Number of Outlinks: 63
URL: https://www.usal.es/masteres/institutos-universitarios-investigacion, Number of Outlinks: 63
URL: https://www.usal.es/masteres/gir, Number of Outlinks: 63
URL: https://www.usal.es/masteres/parque-cientifico, Number of Outlinks: 63
URL: https://www.usal.es/masteres/agi, Number of Outlinks: 63
URL: https://www.usal.es/masteres/otri, Number of Outlinks: 63
URL: https://www.usal.es/masteres/contratacion-investigadores, Number of Outlinks: 63
URL: https://www.usal.es/masteres/acuerdos-investigacion, Number of Outlinks: 63
URL: https://www.usal.es/masteres/estrategias-investigacion, Number of Outlinks: 63
URL: https://www.usal.es/masteres/catalogo-recursos-bibliograficos, Number of Outlinks: 63
URL: https://www.usal.es/masteres/publicaciones-ediciones, Number of Outlinks: 63
URL: https://www.usal.es/masteres/horizon2020, Number of Outlinks: 63
URL: https://www.usal.es/masteres/historia, Number of Outlinks: 63
URL: https://www.usal.es/masteres/plan-estrategico-2020-2023, Number of Outlinks: 63
URL: https://www.usal.es/masteres/visita-virtual, Number of Outlinks: 63
URL: https://www.usal.es/masteres/mapas-campus, Number of Outlinks: 63
URL: https://www.usal.es/masteres/plan-estrategico-general-2013-2018-e-indicadores-institucionales, Number of Outlinks: 63
URL: https://www.usal.es/masteres/servicios-campus, Number of Outlinks: 63
URL: https://www.usal.es/masteres/cultura-deporte, Number of Outlinks: 63
URL: https://www.usal.es/masteres/implicate-participa, Number of Outlinks: 63
URL: https://www.usal.es/masteres/hoy-en-la-usal, Number of Outlinks: 63
URL: https://www.usal.es/masteres/equipo-gobierno, Number of Outlinks: 63
URL: https://www.usal.es/masteres/organos-gobierno, Number of Outlinks: 63
URL: https://www.usal.es/masteres/organos-tutela-derechos, Number of Outlinks: 63
URL: https://www.usal.es/masteres/organos-de-representacion-de-la-comunidad-universitaria, Number of Outlinks: 63
URL: https://www.usal.es/masteres/juntaelectoral, Number of Outlinks: 63
URL: https://www.usal.es/masteres/fundacion-general, Number of Outlinks: 63
URL: https://www.usal.es/masteres/mercatus, Number of Outlinks: 63
URL: https://www.usal.es/masteres/franquicias, Number of Outlinks: 63
URL: https://www.usal.es/masteres/cursos-internacionales, Number of Outlinks: 63
URL: https://www.usal.es/masteres/facultades-escuelas, Number of Outlinks: 63
URL: https://www.usal.es/masteres/institutos-investigacion, Number of Outlinks: 63
URL: https://www.usal.es/masteres/departamentos, Number of Outlinks: 63
URL: https://www.usal.es/masteres/centros-propios, Number of Outlinks: 63
URL: https://www.usal.es/masteres/servicios-de-asistencia-a-la-comunidad-universitaria, Number of Outlinks: 63
URL: https://www.usal.es/masteres/servicios-de-apoyo-a-la-investigacion, Number of Outlinks: 63
URL: https://www.usal.es/masteres/servicios-de-colaboracion-con-la-sociedad, Number of Outlinks: 63
URL: https://www.usal.es/masteres/servicios-centrales-de-gestion-de-la-universidad, Number of Outlinks: 63
URL: https://www.usal.es/masteres/estudiantes, Number of Outlinks: 63
URL: https://www.usal.es/masteres/personal-docente-e-investigador, Number of Outlinks: 63
URL: https://www.usal.es/masteres/personal-de-administracion-y-servicios-0, Number of Outlinks: 63
URL: https://www.usal.es/masteres/uso-de-los-espacios-y-bienes-patrimoniales-de-la-universidad-de-salamanca, Number of Outlinks: 63
URL: https://www.usal.es/masteres/usal_normativa_repositorio, Number of Outlinks: 63
URL: https://www.usal.es/masteres/lucha-contra-fraude, Number of Outlinks: 63
URL: https://www.usal.es/masteres?field_rama_conocimiento_tid=All, Number of Outlinks: 139
URL: https://www.usal.es/masteres?field_rama_conocimiento_tid=18501, Number of Outlinks: 80
URL: https://www.usal.es/masteres?field_rama_conocimiento_tid=18502, Number of Outlinks: 77
URL: https://www.usal.es/masteres?field_rama_conocimiento_tid=18503, Number of Outlinks: 75
URL: https://www.usal.es/masteres?field_rama_conocimiento_tid=18504, Number of Outlinks: 92
URL: https://www.usal.es/masteres?field_rama_conocimiento_tid=18505, Number of Outlinks: 71
URL: http://www.usal.es, Number of Outlinks: 71
URL: http://doctorado.usal.es/es/doctorados/es, Number of Outlinks: 71
URL: http://doctorado.usal.es/es/doctorados/es/organigrama, Number of Outlinks: 70
URL: http://doctorado.usal.es/es/doctorados/es/normativa, Number of Outlinks: 70
URL: http://doctorado.usal.es/es/doctorados/es/convocatorias, Number of Outlinks: 70
URL: http://doctorado.usal.es/es/doctorados/es/listado-de-tramites-administrativos, Number of Outlinks: 70
URL: http://doctorado.usal.es/es/doctorados/es/impresos, Number of Outlinks: 70
URL: http://doctorado.usal.es/es/doctorados/es/faq, Number of Outlinks: 70
URL: http://doctorado.usal.es/es/doctorados/es/doctorados, Number of Outlinks: 70
URL: http://doctorado.usal.es/es/doctorados/es/masteres, Number of Outlinks: 70
URL: http://doctorado.usal.es/es/doctorados/es/requisitos-acceso, Number of Outlinks: 70
URL: http://doctorado.usal.es/es/doctorados/es/preinscripcion-matricula, Number of Outlinks: 70
URL: https://doctorado.usal.es/es/automatricula, Number of Outlinks: 37
URL: http://doctorado.usal.es/es/doctorados/es/precios-publicos, Number of Outlinks: 70
URL: http://doctorado.usal.es/es/doctorados/es/acceso-titulacion-extranjera, Number of Outlinks: 70
URL: http://doctorado.usal.es/es/doctorados/es/calendario-de-actividades, Number of Outlinks: 70
URL: http://doctorado.usal.es/es/doctorados/es/registro-actividades, Number of Outlinks: 70
URL: http://doctorado.usal.es/es/doctorados/es/tutor-del-doctorando, Number of Outlinks: 70
URL: http://doctorado.usal.es/es/doctorados/es/formacion-transversal, Number of Outlinks: 70
URL: http://doctorado.usal.es/es/doctorados/es/tesis, Number of Outlinks: 70
URL: http://doctorado.usal.es/es/doctorados/es/inscripcion, Number of Outlinks: 70
URL: http://doctorado.usal.es/es/doctorados/es/director-de-tesis, Number of Outlinks: 70
URL: http://doctorado.usal.es/es/doctorados/es/deposito-defensa, Number of Outlinks: 70
URL: http://doctorado.usal.es/es/doctorados/es/tesis-proceso-lectura, Number of Outlinks: 70
URL: http://doctorado.usal.es/es/doctorados/es/doctorado-internacional, Number of Outlinks: 70
URL: https://doctorado.usal.es/es/menci%C3%B3n-industrial, Number of Outlinks: 30
URL: http://doctorado.usal.es/es/doctorados/es/teseo, Number of Outlinks: 70
URL: http://doctorado.usal.es/es/doctorados/es/premios, Number of Outlinks: 70
URL: http://doctorado.usal.es/es/doctorados/es/cotutela, Number of Outlinks: 70
URL: http://doctorado.usal.es/es/doctorados/es/content/equivalencia-al-nivel-acad%C3%A9mico-de-doctor, Number of Outlinks: 70
URL: http://doctorado.usal.es/es/doctorados/en/doctorates, Number of Outlinks: 71
URL: http://doctorado.usal.es/es/doctorados/es/doctorado/espa%C3%B1ol-investigaci%C3%B3n-avanzada-en-lengua-y-literatura, Number of Outlinks: 70
URL: http://doctorado.usal.es/es/doctorados/es/doctorado/estudios-ingleses-avanzados-lenguas-y-culturas-en-contacto, Number of Outlinks: 70
URL: http://doctorado.usal.es/es/doctorados/es/doctorado/filosof%C3%ADa, Number of Outlinks: 70
URL: http://doctorado.usal.es/es/doctorados/es/doctorado/historia-del-arte-y-musicolog%C3%ADa, Number of Outlinks: 70
URL: http://doctorado.usal.es/es/doctorados/es/doctorado/historia-medieval-moderna-contempor%C3%A1nea-y-de-am%C3%A9rica, Number of Outlinks: 70
URL: http://doctorado.usal.es/es/doctorados/es/doctorado/lenguas-modernas, Number of Outlinks: 70
URL: http://doctorado.usal.es/es/doctorados/es/doctorado/l%C3%B3gica-y-filosof%C3%ADa-de-la-ciencia, Number of Outlinks: 70
URL: http://doctorado.usal.es/es/doctorados/es/doctorado/prehistoria-y-ciencias-de-la-antig%C3%BCedad, Number of Outlinks: 70
URL: http://doctorado.usal.es/es/doctorados/es/doctorado/textos-de-la-antig%C3%BCedad-cl%C3%A1sica-y-su-pervivencia, Number of Outlinks: 70
URL: http://doctorado.usal.es/es/doctorados/es/doctorado/tradici%C3%B3n-literaria-cultura-escrita-y-humanidades-digitales, Number of Outlinks: 70
URL: http://doctorado.usal.es/es/doctorados/es/doctorado/agrobiotecnolog%C3%ADa, Number of Outlinks: 70
URL: http://doctorado.usal.es/es/doctorados/es/doctorado/biolog%C3%ADa-funcional-y-gen%C3%B3mica, Number of Outlinks: 70
URL: http://doctorado.usal.es/es/doctorados/es/doctorado/biolog%C3%ADa-y-conservaci%C3%B3n-de-la-biodiversidad, Number of Outlinks: 70
URL: http://doctorado.usal.es/es/doctorados/es/doctorado/ciencia-y-tecnolog%C3%ADa-qu%C3%ADmicas, Number of Outlinks: 70
URL: http://doctorado.usal.es/es/doctorados/es/doctorado/enolog%C3%ADa-viticultura-y-sostenibilidad, Number of Outlinks: 70
URL: http://doctorado.usal.es/es/doctorados/es/doctorado/estad%C3%ADstica-multivariante-aplicada, Number of Outlinks: 70
URL: http://doctorado.usal.es/es/doctorados/es/doctorado/f%C3%ADsica-aplicada-y-tecnolog%C3%ADa, Number of Outlinks: 70
URL: http://doctorado.usal.es/es/doctorados/es/doctorado/f%C3%ADsica-fundamental-y-matem%C3%A1ticas, Number of Outlinks: 70
URL: http://doctorado.usal.es/es/doctorados/es/doctorado/geolog%C3%ADa, Number of Outlinks: 70
URL: http://doctorado.usal.es/es/doctorados/es/doctorado/microbiolog%C3%ADa-y-gen%C3%A9tica-molecular, Number of Outlinks: 70
URL: http://doctorado.usal.es/es/doctorados/es/doctorado/biociencias-biolog%C3%ADa-y-cl%C3%ADnica-del-c%C3%A1ncer-y-medicina-traslacional, Number of Outlinks: 70
URL: http://doctorado.usal.es/es/doctorados/es/doctorado/cirug%C3%ADa-y-odontoestomatolog%C3%ADa, Number of Outlinks: 70
URL: http://doctorado.usal.es/es/doctorados/es/doctorado/farmacia-y-salud, Number of Outlinks: 70
URL: http://doctorado.usal.es/es/doctorados/es/doctorado/fisiopatolog%C3%ADa-y-farmacolog%C3%ADa, Number of Outlinks: 70
URL: http://doctorado.usal.es/es/doctorados/es/doctorado/neurociencias, Number of Outlinks: 70
URL: http://doctorado.usal.es/es/doctorados/es/doctorado/psicolog%C3%ADa, Number of Outlinks: 70
URL: http://doctorado.usal.es/es/doctorados/es/doctorado/salud-y-desarrollo-en-los-tr%C3%B3picos, Number of Outlinks: 70
URL: http://doctorado.usal.es/es/doctorados/es/doctorado/salud-discapacidad-dependencia-y-bienestar, Number of Outlinks: 70
URL: http://doctorado.usal.es/es/doctorados/es/doctorado/administraci%C3%B3n-hacienda-y-justicia-en-el-estado-social, Number of Outlinks: 70
URL: http://doctorado.usal.es/es/doctorados/es/doctorado/ciencias-sociales-incluye-l%C3%ADnea-de-investigaci%C3%B3n-en-traducci%C3%B3n-y-mediaci%C3%B3n-intercultural, Number of Outlinks: 70
URL: http://doctorado.usal.es/es/doctorados/es/doctorado/derecho-privado-programa-interuniversitario-universidad-de-salamanca-y-universidad-p%C3%BAblica, Number of Outlinks: 70
URL: http://doctorado.usal.es/es/doctorados/es/doctorado/econom%C3%ADa, Number of Outlinks: 70
URL: http://doctorado.usal.es/es/doctorados/es/doctorado/econom%C3%ADa-de-la-empresa, Number of Outlinks: 70
URL: http://doctorado.usal.es/es/doctorados/es/doctorado/educaci%C3%B3n, Number of Outlinks: 70
URL: http://doctorado.usal.es/es/doctorados/es/doctorado/estado-de-derecho-y-gobernanza-global, Number of Outlinks: 70
URL: http://doctorado.usal.es/es/doctorados/es/doctorado/estudios-interdisciplinares-de-g%C3%A9nero-y-pol%C3%ADticas-de-igualdad, Number of Outlinks: 70
URL: http://doctorado.usal.es/es/doctorados/es/doctorado/formaci%C3%B3n-en-la-sociedad-del-conocimiento, Number of Outlinks: 70
URL: http://doctorado.usal.es/es/doctorados/es/doctorado/lectura-y-comprensi%C3%B3n, Number of Outlinks: 70
URL: http://doctorado.usal.es/es/doctorados/es/doctorado/energ%C3%ADa-y-propulsi%C3%B3n-marina, Number of Outlinks: 70
URL: http://doctorado.usal.es/es/doctorados/es/doctorado/geotecnolog%C3%ADas-aplicadas-la-construcci%C3%B3n-energ%C3%ADa-e-industria, Number of Outlinks: 70
URL: http://doctorado.usal.es/es/doctorados/es/doctorado/ingenier%C3%ADa-inform%C3%A1tica, Number of Outlinks: 70
URL: https://investigacion.usal.es, Number of Outlinks: 24
URL: http://www.mecd.gob.es/portada-mecd/, Number of Outlinks: 9
URL: https://www.educacion.gob.es/teseo/irGestionarConsulta.do;jsessionid=58E22B16DA4024CCFD19A4CF26A30190, Number of Outlinks: 9
URL: http://usal.es/node/511, Number of Outlinks: 63
URL: http://usal.es/, Number of Outlinks: 71
URL: https://www.usal.es/calendario-academico-usal/ven-a-la-usal, Number of Outlinks: 63
URL: https://www.usal.es/calendario-academico-usal/grados, Number of Outlinks: 63
URL: https://www.usal.es/calendario-academico-usal/masteres, Number of Outlinks: 63
URL: https://www.usal.es/calendario-academico-usal/titulos-propios, Number of Outlinks: 63
URL: https://www.usal.es/calendario-academico-usal, Number of Outlinks: 0
URL: https://www.usal.es/calendario-academico-usal/cursos-especializacion, Number of Outlinks: 63
URL: https://www.usal.es/calendario-academico-usal/cursos-espanol-extranjeros, Number of Outlinks: 63
URL: https://www.usal.es/calendario-academico-usal/cursos-idiomas, Number of Outlinks: 63
URL: https://www.usal.es/calendario-academico-usal/universidad-experiencia, Number of Outlinks: 63
URL: https://www.usal.es/calendario-academico-usal/becas-ayudas, Number of Outlinks: 63
URL: https://www.usal.es/calendario-academico-usal/colegios-residencias-comedores, Number of Outlinks: 63
URL: https://www.usal.es/calendario-academico-usal/atencion-social, Number of Outlinks: 63
URL: https://www.usal.es/calendario-academico-usal/actividades-culturales, Number of Outlinks: 63
URL: https://www.usal.es/calendario-academico-usal/actividades-deportivas, Number of Outlinks: 63
URL: https://www.usal.es/calendario-academico-usal/bibliotecas, Number of Outlinks: 63
URL: https://www.usal.es/calendario-academico-usal/laboratorios-docentes, Number of Outlinks: 63
URL: https://www.usal.es/calendario-academico-usal/aulas-informatica, Number of Outlinks: 63
URL: https://www.usal.es/calendario-academico-usal/movilidad, Number of Outlinks: 63
URL: https://www.usal.es/calendario-academico-usal/practicas-externas-empleo, Number of Outlinks: 63
URL: https://www.usal.es/calendario-academico-usal/informacion-orientacion, Number of Outlinks: 63
URL: https://www.usal.es/calendario-academico-usal/institutos-universitarios-investigacion, Number of Outlinks: 63
URL: https://www.usal.es/calendario-academico-usal/gir, Number of Outlinks: 63
URL: https://www.usal.es/calendario-academico-usal/parque-cientifico, Number of Outlinks: 63
URL: https://www.usal.es/calendario-academico-usal/agi, Number of Outlinks: 63
URL: https://www.usal.es/calendario-academico-usal/otri, Number of Outlinks: 63
URL: https://www.usal.es/calendario-academico-usal/contratacion-investigadores, Number of Outlinks: 63
URL: https://www.usal.es/calendario-academico-usal/acuerdos-investigacion, Number of Outlinks: 63
URL: https://www.usal.es/calendario-academico-usal/estrategias-investigacion, Number of Outlinks: 63
URL: https://www.usal.es/calendario-academico-usal/catalogo-recursos-bibliograficos, Number of Outlinks: 63
URL: https://www.usal.es/calendario-academico-usal/publicaciones-ediciones, Number of Outlinks: 63
URL: https://www.usal.es/calendario-academico-usal/horizon2020, Number of Outlinks: 63
URL: https://www.usal.es/calendario-academico-usal/historia, Number of Outlinks: 63
URL: https://www.usal.es/calendario-academico-usal/plan-estrategico-2020-2023, Number of Outlinks: 63
URL: https://www.usal.es/calendario-academico-usal/visita-virtual, Number of Outlinks: 63
URL: https://www.usal.es/calendario-academico-usal/mapas-campus, Number of Outlinks: 63
URL: https://www.usal.es/calendario-academico-usal/plan-estrategico-general-2013-2018-e-indicadores-institucionales, Number of Outlinks: 63
URL: https://www.usal.es/calendario-academico-usal/servicios-campus, Number of Outlinks: 63
URL: https://www.usal.es/calendario-academico-usal/cultura-deporte, Number of Outlinks: 63
URL: https://www.usal.es/calendario-academico-usal/implicate-participa, Number of Outlinks: 63
URL: https://www.usal.es/calendario-academico-usal/hoy-en-la-usal, Number of Outlinks: 63
URL: https://www.usal.es/calendario-academico-usal/equipo-gobierno, Number of Outlinks: 63
URL: https://www.usal.es/calendario-academico-usal/organos-gobierno, Number of Outlinks: 63
URL: https://www.usal.es/calendario-academico-usal/organos-tutela-derechos, Number of Outlinks: 63
URL: https://www.usal.es/calendario-academico-usal/organos-de-representacion-de-la-comunidad-universitaria, Number of Outlinks: 63
URL: https://www.usal.es/calendario-academico-usal/juntaelectoral, Number of Outlinks: 63
URL: https://www.usal.es/calendario-academico-usal/fundacion-general, Number of Outlinks: 63
URL: https://www.usal.es/calendario-academico-usal/mercatus, Number of Outlinks: 63
URL: https://www.usal.es/calendario-academico-usal/franquicias, Number of Outlinks: 63
URL: https://www.usal.es/calendario-academico-usal/cursos-internacionales, Number of Outlinks: 63
URL: https://www.usal.es/calendario-academico-usal/facultades-escuelas, Number of Outlinks: 63
URL: https://www.usal.es/calendario-academico-usal/institutos-investigacion, Number of Outlinks: 63
URL: https://www.usal.es/calendario-academico-usal/departamentos, Number of Outlinks: 63
URL: https://www.usal.es/calendario-academico-usal/centros-propios, Number of Outlinks: 63
URL: https://www.usal.es/calendario-academico-usal/servicios-de-asistencia-a-la-comunidad-universitaria, Number of Outlinks: 63
URL: https://www.usal.es/calendario-academico-usal/servicios-de-apoyo-a-la-investigacion, Number of Outlinks: 63
URL: https://www.usal.es/calendario-academico-usal/servicios-de-colaboracion-con-la-sociedad, Number of Outlinks: 63
URL: https://www.usal.es/calendario-academico-usal/servicios-centrales-de-gestion-de-la-universidad, Number of Outlinks: 63
URL: https://www.usal.es/calendario-academico-usal/estudiantes, Number of Outlinks: 63
URL: https://www.usal.es/calendario-academico-usal/personal-docente-e-investigador, Number of Outlinks: 63
URL: https://www.usal.es/calendario-academico-usal/personal-de-administracion-y-servicios-0, Number of Outlinks: 63
URL: https://www.usal.es/calendario-academico-usal/uso-de-los-espacios-y-bienes-patrimoniales-de-la-universidad-de-salamanca, Number of Outlinks: 63
URL: https://www.usal.es/calendario-academico-usal/usal_normativa_repositorio, Number of Outlinks: 63
URL: https://www.usal.es/calendario-academico-usal/lucha-contra-fraude, Number of Outlinks: 63
URL: https://www.usal.es/calendario-academico-20212022, Number of Outlinks: 65
URL: https://www.usal.es/calendario-academico-20202021, Number of Outlinks: 65
URL: https://www.usal.es/cursos-especializacion/ven-a-la-usal, Number of Outlinks: 63
URL: https://www.usal.es/cursos-especializacion/grados, Number of Outlinks: 63
URL: https://www.usal.es/cursos-especializacion/masteres, Number of Outlinks: 63
URL: https://www.usal.es/cursos-especializacion/titulos-propios, Number of Outlinks: 63
URL: https://www.usal.es/cursos-especializacion/cursos-especializacion, Number of Outlinks: 63
URL: https://www.usal.es/cursos-especializacion/cursos-espanol-extranjeros, Number of Outlinks: 63
URL: https://www.usal.es/cursos-especializacion/cursos-idiomas, Number of Outlinks: 63
URL: https://www.usal.es/cursos-especializacion/universidad-experiencia, Number of Outlinks: 63
URL: https://www.usal.es/cursos-especializacion/becas-ayudas, Number of Outlinks: 63
URL: https://www.usal.es/cursos-especializacion/colegios-residencias-comedores, Number of Outlinks: 63
URL: https://www.usal.es/cursos-especializacion/atencion-social, Number of Outlinks: 63
URL: https://www.usal.es/cursos-especializacion/actividades-culturales, Number of Outlinks: 63
URL: https://www.usal.es/cursos-especializacion/actividades-deportivas, Number of Outlinks: 63
URL: https://www.usal.es/cursos-especializacion/bibliotecas, Number of Outlinks: 63
URL: https://www.usal.es/cursos-especializacion/laboratorios-docentes, Number of Outlinks: 63
URL: https://www.usal.es/cursos-especializacion/aulas-informatica, Number of Outlinks: 63
URL: https://www.usal.es/cursos-especializacion/movilidad, Number of Outlinks: 63
URL: https://www.usal.es/cursos-especializacion/practicas-externas-empleo, Number of Outlinks: 63
URL: https://www.usal.es/cursos-especializacion/informacion-orientacion, Number of Outlinks: 63
URL: https://www.usal.es/cursos-especializacion/institutos-universitarios-investigacion, Number of Outlinks: 63
URL: https://www.usal.es/cursos-especializacion/gir, Number of Outlinks: 63
URL: https://www.usal.es/cursos-especializacion/parque-cientifico, Number of Outlinks: 63
URL: https://www.usal.es/cursos-especializacion/agi, Number of Outlinks: 63
URL: https://www.usal.es/cursos-especializacion/otri, Number of Outlinks: 63
URL: https://www.usal.es/cursos-especializacion/contratacion-investigadores, Number of Outlinks: 63
URL: https://www.usal.es/cursos-especializacion/acuerdos-investigacion, Number of Outlinks: 63
URL: https://www.usal.es/cursos-especializacion/estrategias-investigacion, Number of Outlinks: 63
URL: https://www.usal.es/cursos-especializacion/catalogo-recursos-bibliograficos, Number of Outlinks: 63
URL: https://www.usal.es/cursos-especializacion/publicaciones-ediciones, Number of Outlinks: 63
URL: https://www.usal.es/cursos-especializacion/horizon2020, Number of Outlinks: 63
URL: https://www.usal.es/cursos-especializacion/historia, Number of Outlinks: 63
URL: https://www.usal.es/cursos-especializacion/plan-estrategico-2020-2023, Number of Outlinks: 63
URL: https://www.usal.es/cursos-especializacion/visita-virtual, Number of Outlinks: 63
URL: https://www.usal.es/cursos-especializacion/mapas-campus, Number of Outlinks: 63
URL: https://www.usal.es/cursos-especializacion/plan-estrategico-general-2013-2018-e-indicadores-institucionales, Number of Outlinks: 63
URL: https://www.usal.es/cursos-especializacion/servicios-campus, Number of Outlinks: 63
URL: https://www.usal.es/cursos-especializacion/cultura-deporte, Number of Outlinks: 63
URL: https://www.usal.es/cursos-especializacion/implicate-participa, Number of Outlinks: 63
URL: https://www.usal.es/cursos-especializacion/hoy-en-la-usal, Number of Outlinks: 63
URL: https://www.usal.es/cursos-especializacion/equipo-gobierno, Number of Outlinks: 63
URL: https://www.usal.es/cursos-especializacion/organos-gobierno, Number of Outlinks: 63
URL: https://www.usal.es/cursos-especializacion/organos-tutela-derechos, Number of Outlinks: 63
URL: https://www.usal.es/cursos-especializacion/organos-de-representacion-de-la-comunidad-universitaria, Number of Outlinks: 63
URL: https://www.usal.es/cursos-especializacion/juntaelectoral, Number of Outlinks: 63
URL: https://www.usal.es/cursos-especializacion/fundacion-general, Number of Outlinks: 63
URL: https://www.usal.es/cursos-especializacion/mercatus, Number of Outlinks: 63
URL: https://www.usal.es/cursos-especializacion/franquicias, Number of Outlinks: 63
URL: https://www.usal.es/cursos-especializacion/cursos-internacionales, Number of Outlinks: 63
URL: https://www.usal.es/cursos-especializacion/facultades-escuelas, Number of Outlinks: 63
URL: https://www.usal.es/cursos-especializacion/institutos-investigacion, Number of Outlinks: 63
URL: https://www.usal.es/cursos-especializacion/departamentos, Number of Outlinks: 63
URL: https://www.usal.es/cursos-especializacion/centros-propios, Number of Outlinks: 63
URL: https://www.usal.es/cursos-especializacion/servicios-de-asistencia-a-la-comunidad-universitaria, Number of Outlinks: 63
